{
  "팰리세이드": {
    "badge": [
      "디젤 2.2 4WD",
      "가솔린 3.8 4WD",
      "디젤 2.2 2WD",
      "가솔린 3.8 2WD"
    ],
    "badge_detail": [
      "프레스티지",
      "VIP",
      "익스클루시브",
      "캘리그래피"
    ]
  },
  "그랜저 IG": {
    "badge": [
      "2.4 프리미엄",
      "2.2 디젤 프리미엄",
      "3.0 LPi 모던 베이직 (렌터카)",
      "3.0 익스클루시브",
      "2.4 모던",
      "3.0 LPi 모던 (렌터카)",
      "3.0 LPI 택시형",
      "3.3 셀러브리티",
      "3.0 LPi 장애인용",
      "3.0 LPi 익스클루시브 (렌터카)",
      "3.0 프리미엄",
      "2.4 익스클루시브",
      "3.0 LPI 모던",
      "3.0 모던 베이직 (렌터카)",
      "2.4 모던 베이직 (렌터카)",
      "2.2 디젤 모던",
      "3.0 LPI 익스클루시브",
      "2.4 스페셜"
    ],
    "badge_detail": [
      "(세부등급 없음)",
      "스페셜",
      "모범형",
      "프리미엄 스페셜",
      "익스클루시브 스페셜",
      "VIP 패키지",
      "개인형"
    ]
  },
  "아반떼 AD": {
    "badge": [
      "1.6 GDI 밸류 플러스",
      "1.6 GDI 스마트",
      "1.6 e-VGT 스마트",
      "1.6 GDI 모던",
      "1.6 터보 스포츠",
      "1.6 LPI 스마트(렌터카)",
      "1.6 e-VGT 프리미엄",
      "1.6 GDI 프리미엄",
      "1.6 GDI 스타일",
      "1.6 LPI 스타일(렌터카)",
      "1.6 e-VGT 스타일",
      "1.6 LPI 모던(장애인)",
      "2.0 CVVT 프리미엄"
    ],
    "badge_detail": [
      "스페셜",
      "(세부등급 없음)",
      "익스트림 셀렉션",
      "오리지널"
    ]
  },
  "G90": {
    "badge": [
      "3.8 AWD",
      "5.0 AWD",
      "3.3 T AWD",
      "3.8",
      "3.3 T",
      "3.8 AWD 구조변경 (바이퓨얼)"
    ],
    "badge_detail": [
      "럭셔리",
      "프레스티지",
      "프리미엄 럭셔리",
      "리무진 프레스티지",
      "스타더스트"
    ]
  },
  "더 뉴 그랜드 스타렉스": {
    "badge": [
      "밴 3인승",
      "4WD 웨건 12인승",
      "어린이보호차 LPi",
      "4WD 어반 9인승",
      "어반 9인승",
      "밴 5인승",
      "웨건 12인승",
      "웨건 11인승",
      "하이루프",
      "4WD 웨건 11인승",
      "앰뷸런스",
      "캠핑카",
      "어린이보호차",
      "휠체어 리프트/슬로프",
      "12인승 LPi",
      "4WD 리무진",
      "4WD 캠핑카",
      "냉동차",
      "리무진",
      "밴 5인승 LPi",
      "밴 3인승 LPi",
      "현금수송차",
      "4WD 어린이보호차",
      "리무진 LPi"
    ],
    "badge_detail": [
      "스타일",
      "스마트",
      "프리미엄 스페셜",
      "모던",
      "익스클루시브",
      "프리미엄"
    ]
  },
  "더 뉴 아반떼 AD": {
    "badge": [
      "1.6",
      "1.6 LPi",
      "1.6 디젤",
      "1.6 터보 스포츠"
    ],
    "badge_detail": [
      "스마트",
      "스마트 초이스",
      "스마트(렌터카용)",
      "스타일",
      "프리미엄",
      "스타일(렌터카용)",
      "모던"
    ]
  },
  "쏘나타 하이브리드 (DN8)": {
    "badge": [
      "스마트",
      "모던",
      "프리미엄 플러스",
      "인스퍼레이션",
      "프리미엄"
    ],
    "badge_detail": [
      "패밀리",
      "밀레니얼",
      "(세부등급 없음)"
    ]
  },
  "더 뉴 싼타페": {
    "badge": [
      "디젤 2.2 2WD",
      "HEV 1.6 4WD",
      "HEV 1.6 2WD",
      "가솔린 2.5T 2WD",
      "디젤 2.2 4WD",
      "가솔린 2.5T 4WD"
    ],
    "badge_detail": [
      "프레스티지",
      "익스클루시브",
      "프리미엄 초이스",
      "캘리그래피",
      "프리미엄",
      "프레스티지 초이스"
    ]
  },
  "GV80": {
    "badge": [
      "2.5T 가솔린 AWD",
      "3.5T 가솔린 AWD",
      "3.0 디젤 AWD",
      "3.5T 가솔린 2WD",
      "2.5T 가솔린 2WD",
      "3.0 디젤 2WD"
    ],
    "badge_detail": [
      "(세부등급 없음)"
    ]
  },
  "싼타페 더 프라임": {
    "badge": [
      "디젤 2.0 2WD",
      "디젤 2.0 4WD",
      "디젤 2.2 4WD",
      "디젤 2.2 2WD",
      "가솔린 2.0 터보 4WD",
      "가솔린 2.0 터보 2WD"
    ],
    "badge_detail": [
      "밸류 플러스",
      "익스클루시브",
      "모던",
      "프리미엄",
      "익스클루시브 스페셜",
      "1 밀리언",
      "스마트",
      "1 밀리언 얼티밋"
    ]
  },
  "올 뉴 투싼": {
    "badge": [
      "디젤 2.0 2WD",
      "디젤 1.7 2WD",
      "가솔린 1.6 터보 2WD",
      "디젤 1.6 2WD",
      "디젤 1.6 4WD",
      "디젤 2.0 4WD",
      "가솔린 1.6 터보 4WD",
      "가솔린 1.6 터보 2WD (수출형)",
      "가솔린 2.0 2WD (수출형)"
    ],
    "badge_detail": [
      "모던",
      "모던 피버",
      "프리미엄",
      "모던 스페셜",
      "인스퍼레이션",
      "스마트",
      "스타일",
      "스타일 피버",
      "얼티밋 에디션",
      "스타일 스페셜",
      "익스트림 에디션"
    ]
  },
  "EQ900": {
    "badge": [
      "3.8 GDI AWD",
      "5.0 GDI AWD 리무진",
      "3.3 T-GDI AWD",
      "5.0 GDI AWD",
      "3.8 GDI",
      "3.3 T-GDI",
      "3.3T 수출형"
    ],
    "badge_detail": [
      "럭셔리",
      "프레스티지",
      "프리미엄 럭셔리"
    ]
  },
  "스타리아": {
    "badge": [
      "4WD 라운지 9인승",
      "L3.5 라운지 7인승",
      "투어러 11인승",
      "카고 5인승",
      "카고 3인승",
      "L3.5 어린이보호차",
      "HEV 1.6 카고 3인승",
      "L3.5 투어러 9인승",
      "L3.5 휠체어 리프트/슬로프",
      "4WD 투어러 9인승",
      "L3.5 라운지 9인승",
      "HEV 1.6 카고 5인승",
      "4WD 투어러 11인승",
      "L3.5 카고 3인승",
      "HEV 1.6 투어러 11인승",
      "L3.5 투어러 11인승",
      "라운지 9인승",
      "L3.5 카고 5인승",
      "HEV 1.6 라운지 9인승",
      "투어러 9인승",
      "HEV 1.6 투어러 9인승",
      "앰뷸런스",
      "HEV 1.6 라운지 7인승",
      "2WD 캠핑카",
      "휠체어 리프트/슬로프",
      "4WD 라운지 7인승",
      "2WD 어린이보호차",
      "라운지 7인승",
      "4WD 어린이보호차",
      "4WD 캠핑카",
      "4WD 휠체어리프트/슬로프"
    ],
    "badge_detail": [
      "인스퍼레이션",
      "모던",
      "스마트",
      "11인승",
      "15인승",
      "모빌리티",
      "프레스티지",
      "특장업체"
    ]
  },
  "더 뉴 그랜저 IG": {
    "badge": [
      "2.5",
      "3.0 LPi (렌터카용)",
      "3.0 LPi",
      "3.3",
      "3.0 LPi (장애인용)",
      "3.0 LPi (택시형)"
    ],
    "badge_detail": [
      "프리미엄",
      "르블랑",
      "익스클루시브",
      "캘리그래피",
      "프리미엄 초이스",
      "모던",
      "고급형",
      "고급형 VIP 패키지",
      "스페셜",
      "모범형"
    ]
  },
  "아반떼 (CN7)": {
    "badge": [
      "1.6",
      "1.6 LPi (렌터카)",
      "2.0 N",
      "1.6 LPi",
      "1.6 터보 N Line",
      "1.6 LPi (장애인)"
    ],
    "badge_detail": [
      "인스퍼레이션",
      "모던",
      "스마트",
      "스타일",
      "스포츠"
    ]
  },
  "더 뉴 그랜저 IG 하이브리드": {
    "badge": [
      "르블랑",
      "프리미엄 초이스",
      "프리미엄",
      "캘리그래피",
      "익스클루시브"
    ],
    "badge_detail": []
  },
  "더 뉴 G70": {
    "badge": [
      "가솔린 2.0T 2WD",
      "가솔린 3.3T 4WD",
      "가솔린 2.0T 4WD",
      "가솔린 3.3T 2WD",
      "디젤 2.2 2WD",
      "가솔린 2.5T 2WD",
      "디젤 2.2 4WD",
      "가솔린 2.5T 4WD"
    ],
    "badge_detail": [
      "(세부등급 없음)"
    ]
  },
  "G80": {
    "badge": [
      "3.3 GDI",
      "3.3 GDI AWD",
      "3.3 T-GDI AWD",
      "2.2D AWD",
      "3.8 GDI AWD",
      "2.2D",
      "3.8 GDI",
      "3.3 GDI AWD 구조변경 (LPG)",
      "3.3 T-GDI",
      "3.3 GDI 구조변경 (LPG)"
    ],
    "badge_detail": [
      "프레스티지",
      "프리미엄 럭셔리",
      "럭셔리",
      "스포츠",
      "럭셔리 스페셜",
      "파이니스트",
      "수출형"
    ]
  },
  "그랜저 IG 하이브리드": {
    "badge": [
      "익스클루시브",
      "프리미엄"
    ],
    "badge_detail": [
      "스페셜",
      "(세부등급 없음)"
    ]
  },
  "GV70": {
    "badge": [
      "2.5T 가솔린 AWD",
      "2.2 디젤 AWD",
      "2.2 디젤 2WD",
      "2.5T 가솔린 2WD",
      "3.5T 가솔린 AWD"
    ],
    "badge_detail": [
      "(세부등급 없음)"
    ]
  },
  "쏘나타 (DN8)": {
    "badge": [
      "1.6 터보",
      "2.0",
      "2.0 LPG(렌터카용)",
      "2.0 LPG(장애인용)",
      "2.0 LPG",
      "2.5 터보 N Line"
    ],
    "badge_detail": [
      "프리미엄 플러스",
      "인스퍼레이션",
      "프리미엄",
      "스마트",
      "프리미엄 패밀리",
      "스타일",
      "모던",
      "프리미엄 밀레니얼",
      "더 블랙"
    ]
  },
  "투싼 하이브리드 (NX4)": {
    "badge": [
      "인스퍼레이션 2WD",
      "프리미엄 2WD",
      "N Line 2WD",
      "모던 2WD",
      "인스퍼레이션 4WD",
      "프리미엄 4WD",
      "N Line 4WD",
      "어드벤처 4WD",
      "어드벤처 2WD"
    ],
    "badge_detail": [
      "인스퍼레이션"
    ]
  },
  "투싼 (NX4)": {
    "badge": [
      "가솔린 1.6 터보 2WD",
      "디젤 2.0 2WD",
      "가솔린 1.6 터보 4WD",
      "디젤 2.0 4WD"
    ],
    "badge_detail": [
      "인스퍼레이션",
      "프리미엄",
      "모던",
      "N Line 인스퍼레이션",
      "어드벤처",
      "N Line 프리미엄"
    ]
  },
  "그랜저 하이브리드 (GN7)": {
    "badge": [
      "프리미엄",
      "캘리그래피",
      "익스클루시브"
    ],
    "badge_detail": []
  },
  "더 뉴 코나": {
    "badge": [
      "가솔린 1.6 터보 2WD",
      "가솔린 1.6 터보 4WD",
      "가솔린 2.0 2WD",
      "가솔린 2.0 4WD"
    ],
    "badge_detail": [
      "모던",
      "인스퍼레이션",
      "스마트",
      "2.0 N",
      "N Line 모던",
      "N Line 인스퍼레이션",
      "모던 초이스"
    ]
  },
  "GV60": {
    "badge": [
      "스탠다드",
      "스탠다드 AWD",
      "퍼포먼스 AWD"
    ],
    "badge_detail": [
      "(세부등급 없음)"
    ]
  },
  "코나": {
    "badge": [
      "1.6 터보 2WD",
      "디젤 1.6 2WD",
      "1.6 터보 2WD 플럭스",
      "1.6 터보 4WD",
      "디젤 1.6 4WD",
      "디젤 1.6 2WD 플럭스"
    ],
    "badge_detail": [
      "모던 팝",
      "모던",
      "아이언맨 에디션",
      "프리미엄",
      "스마트",
      "모던 아트",
      "모던 테크",
      "프리미엄 스페셜",
      "모던 초이스"
    ]
  },
  "G70": {
    "badge": [
      "2.0T AWD",
      "2.0T",
      "3.3T 스포츠",
      "3.3T 스포츠 AWD",
      "2.2D",
      "2.2D AWD"
    ],
    "badge_detail": [
      "슈프림",
      "스포츠 패키지",
      "엘리트",
      "프레스티지",
      "어드밴스드"
    ]
  },
  "그랜저 (GN7)": {
    "badge": [
      "3.5 가솔린 2WD",
      "3.5 LPG 2WD",
      "2.5 가솔린 2WD",
      "3.5 LPG 2WD (택시형)",
      "3.5 가솔린 4WD",
      "3.5 LPG 2WD (장애인용)"
    ],
    "badge_detail": [
      "익스클루시브",
      "프리미엄",
      "캘리그래피",
      "고급형",
      "익스클루시브 플러스"
    ]
  },
  "싼타페 TM": {
    "badge": [
      "디젤 2.0 2WD",
      "디젤 2.0 4WD",
      "디젤 2.2 4WD",
      "가솔린 2.0T 2WD",
      "디젤 2.2 2WD",
      "가솔린 2.0T 4WD"
    ],
    "badge_detail": [
      "프리미엄",
      "익스클루시브 스페셜",
      "익스클루시브",
      "인스퍼레이션",
      "프레스티지",
      "모던"
    ]
  },
  "뉴 투싼 ix": {
    "badge": [
      "디젤(e-VGT) 2WD",
      "수소(Fuel Cell) 2WD",
      "디젤(e-VGT) 4WD",
      "가솔린 2.0 GDI 2WD"
    ],
    "badge_detail": [
      "프리미엄",
      "모던",
      "스마트 스페셜",
      "스마트",
      "월드컵 에디션",
      "스타일"
    ]
  },
  "G80 (RG3)": {
    "badge": [
      "가솔린 2.5 터보 AWD",
      "가솔린 3.5 터보 AWD",
      "가솔린 3.5 터보 2WD",
      "가솔린 2.5 터보 2WD",
      "디젤 2.2 AWD",
      "디젤 2.2 2WD"
    ],
    "badge_detail": [
      "(세부등급 없음)",
      "블랙"
    ]
  },
  "그랜저 HG": {
    "badge": [
      "HG300 익스클루시브",
      "HG240 모던",
      "HG240 모던 컬렉션",
      "LPG HG300 익스클루시브",
      "HG300 프리미엄",
      "LPG HG300 모던",
      "HG300 익스클루시브 스페셜",
      "HG220 디젤 프리미엄",
      "HG240 럭셔리",
      "LPG HG300 장애인용",
      "HG330 셀러브리티",
      "아제라(수출형)",
      "HG300 프리미엄 컬렉션",
      "HG220 디젤 모던",
      "LPG HG300 프리미엄"
    ],
    "badge_detail": []
  },
  "더 뉴 팰리세이드": {
    "badge": [
      "가솔린 3.8 4WD",
      "디젤 2.2 2WD",
      "가솔린 3.8 2WD",
      "디젤 2.2 4WD"
    ],
    "badge_detail": [
      "VIP",
      "익스클루시브",
      "캘리그래피",
      "프레스티지",
      "르블랑",
      "캘리그래피 블랙에디션"
    ]
  },
  "아반떼 MD": {
    "badge": [
      "M16 GDI 스마트",
      "M16 GDI 프리미어",
      "M16 GDI 프리미엄",
      "M16 GDI 에비뉴",
      "M16 GDI 럭셔리",
      "M16 GDI 모던"
    ],
    "badge_detail": []
  },
  "쏘나타 뉴 라이즈": {
    "badge": [
      "LPI 스타일",
      "2.0 스마트",
      "2.0 모던",
      "LPI 모던",
      "2.0 스타일",
      "2.0 스마트 스페셜",
      "LPI 프리미엄",
      "1.6 터보 스타일",
      "2.0 터보 스마트",
      "2.0 터보 익스클루시브",
      "1.7 디젤 모던",
      "2.0 스마트 초이스",
      "LPI 모던(장애인용)",
      "2.0 프리미엄 스페셜",
      "1.6 터보 프리미엄",
      "1.7 디젤 스마트",
      "1.6 터보 스마트",
      "LPI 택시형",
      "LPI 스마트(장애인용)",
      "1.7 디젤 스타일",
      "1.6 터보 마이 트립 에디션",
      "1.6 터보 모던",
      "1.7 디젤 프리미엄"
    ],
    "badge_detail": [
      "고급형",
      "모던",
      "프리미엄",
      "경제형",
      "스타일"
    ]
  },
  "GV80 쿠페": {
    "badge": [
      "3.5T 가솔린 AWD",
      "2.5T 가솔린 AWD",
      "3.5T e-S/C 가솔린 AWD"
    ],
    "badge_detail": [
      "(세부등급 없음)"
    ]
  },
  "싼타페 DM": {
    "badge": [
      "디젤(e-VGT) 2.2 4WD 프리미엄",
      "디젤(e-VGT) 2.0 2WD 프리미엄",
      "디젤(e-VGT) 2.2 4WD 스마트",
      "디젤(e-VGT) 2.0 2WD 익스클루시브",
      "디젤(e-VGT) 2.0 2WD 모던",
      "디젤(e-VGT) 2.0 4WD 익스클루시브",
      "디젤(e-VGT) 2.2 4WD 익스클루시브",
      "디젤(e-VGT) 2.2 2WD 익스클루시브",
      "디젤(e-VGT) 2.0 4WD 프리미엄",
      "디젤(e-VGT) 2.2 2WD 프리미엄",
      "디젤(e-VGT) 2.2 2WD 모던",
      "디젤(e-VGT) 2.0 2WD 스마트"
    ],
    "badge_detail": [
      "(세부등급 없음)",
      "스페셜"
    ]
  },
  "코나 (SX2)": {
    "badge": [
      "가솔린 1.6 터보 2WD",
      "가솔린 1.6 터보 4WD",
      "가솔린 2.0 2WD"
    ],
    "badge_detail": [
      "인스퍼레이션",
      "N Line 인스퍼레이션",
      "프리미엄",
      "모던"
    ]
  },
  "더 뉴 투싼 (NX4)": {
    "badge": [
      "디젤 2.0 2WD",
      "가솔린 1.6 터보 4WD",
      "가솔린 1.6 터보 2WD",
      "디젤 2.0 4WD"
    ],
    "badge_detail": [
      "모던",
      "인스퍼레이션",
      "프리미엄",
      "N Line 인스퍼레이션"
    ]
  },
  "더 뉴 아반떼": {
    "badge": [
      "1.6 GDi 스타일",
      "1.6 GDi 스마트",
      "1.6 GDi 모던",
      "1.6 GDi 텐밀리언 리미티드",
      "1.6 GDi 프리미엄",
      "1.6 LPi 모던",
      "1.6 VGT 모던",
      "1.6 LPi 스마트"
    ],
    "badge_detail": [
      "기본형"
    ]
  },
  "G90 (RS4)": {
    "badge": [
      "가솔린 3.5 터보 2WD",
      "가솔린 3.5 터보 AWD",
      "가솔린 3.5 터보 e-S/C AWD",
      "가솔린 3.5 터보 e-S/C AWD LWB"
    ],
    "badge_detail": [
      "(세부등급 없음)"
    ]
  },
  "코나 하이브리드": {
    "badge": [
      "모던 스페셜",
      "프리미엄 스페셜",
      "스마트 스페셜"
    ],
    "badge_detail": []
  },
  "투싼 ix": {
    "badge": [
      "디젤 2WD LX20",
      "디젤 2WD X20",
      "디젤 4WD X20",
      "디젤 2WD LMX20",
      "디젤 4WD LX20",
      "가솔린 2WD X20"
    ],
    "badge_detail": [
      "럭셔리",
      "스마트",
      "디럭스",
      "프리미어",
      "스마트팩",
      "프리미엄",
      "스패셜 팩",
      "모던",
      "스타일",
      "워너비"
    ]
  },
  "아반떼 하이브리드 (CN7)": {
    "badge": [
      "인스퍼레이션",
      "모던",
      "스마트"
    ],
    "badge_detail": []
  },
  "LF 쏘나타": {
    "badge": [
      "2.0 스마트",
      "2.0 스타일",
      "1.7 디젤 스타일",
      "LPI 프리미엄",
      "LPI 모던(장애인용)",
      "2.0 터보 익스클루시브",
      "2.0 케어플러스",
      "LPI 모던",
      "2.0 프리미엄",
      "LPI 프리미엄 스페셜",
      "1.7 디젤 스마트",
      "LPI 스마트(장애인용)",
      "1.6 터보 스타일",
      "2.4 익스클루시브",
      "LPI 스마트",
      "LPI 택시형",
      "1.6 터보 와일드 버건디",
      "2.4 스타일",
      "1.6 터보 스마트",
      "1.7 디젤 케어플러스",
      "2.0 터보 스마트"
    ],
    "badge_detail": [
      "(세부등급 없음)",
      "스페셜",
      "스타일",
      "프리미엄"
    ]
  },
  "쏘나타 뉴 라이즈 하이브리드": {
    "badge": [
      "프리미엄",
      "스마트",
      "모던",
      "2.0 플러그인 HEV"
    ],
    "badge_detail": [
      "(세부등급 없음)",
      "프리미엄",
      "스페셜",
      "익스클루시브"
    ]
  },
  "그랜드 스타렉스": {
    "badge": [
      "어린이보호차",
      "3인승 밴",
      "5인승 밴",
      "12인승 왜건",
      "11인승 왜건",
      "휠체어 리프트/슬로프",
      "4WD 어린이보호차",
      "4WD 리무진",
      "앰뷸런스",
      "리무진",
      "12인승 LPi 왜건",
      "4WD 12인승 왜건",
      "4WD 캠핑카",
      "캠핑카",
      "5인승 LPi 밴",
      "냉동차",
      "3인승 LPi 밴",
      "어린이보호차 LPi",
      "11인승 왜건 프리미엄 레저팩",
      "4WD 앰뷸런스",
      "11인승 왜건 HVX",
      "4WD 11인승 왜건",
      "4WD 휠체어 리프트/슬로프",
      "4WD 11인승 왜건 HVX",
      "기타 특장차"
    ],
    "badge_detail": [
      "스마트",
      "CVX 프리미엄",
      "CVX 럭셔리",
      "CVX 디럭스",
      "모던",
      "스마트 스페셜",
      "모던 스페셜",
      "CVX 밸류",
      "VIP PACK",
      "VIP 패키지",
      "스마트 기본형"
    ]
  },
  "싼타페 (MX5)": {
    "badge": [
      "가솔린 2.5T 4WD",
      "가솔린 2.5T 2WD",
      "HEV 1.6 2WD",
      "HEV 1.6 4WD"
    ],
    "badge_detail": [
      "캘리그래피",
      "프레스티지",
      "익스클루시브",
      "프레스티지 플러스"
    ]
  },
  "LF 쏘나타 하이브리드": {
    "badge": [
      "2.0 HEV",
      "2.0 플러그인 HEV"
    ],
    "badge_detail": [
      "프리미엄",
      "모던",
      "익스클루시브",
      "스마트",
      "프리미엄 스페셜",
      "모던 스페셜"
    ]
  },
  "일렉트리파이드 GV70": {
    "badge": [
      "e-AWD"
    ],
    "badge_detail": []
  },
  "더 뉴 아반떼 (CN7)": {
    "badge": [
      "1.6",
      "2.0 N",
      "1.6 LPi (장애인)",
      "1.6 LPi (렌터카)",
      "1.6 LPi"
    ],
    "badge_detail": [
      "인스퍼레이션",
      "모던",
      "인스퍼레이션 N Line",
      "스마트",
      "모던 N Line"
    ]
  },
  "더 뉴 G70 슈팅브레이크": {
    "badge": [
      "가솔린 2.5T 4WD",
      "가솔린 2.0T 2WD",
      "가솔린 2.0T 4WD",
      "가솔린 2.5T 2WD"
    ],
    "badge_detail": [
      "(세부등급 없음)"
    ]
  },
  "더 뉴 투싼 하이브리드 (NX4)": {
    "badge": [
      "HEV 1.6 2WD",
      "HEV 1.6 4WD"
    ],
    "badge_detail": [
      "프리미엄",
      "인스퍼레이션",
      "N Line 인스퍼레이션",
      "모던"
    ]
  },
  "더 뉴 아반떼 하이브리드 (CN7)": {
    "badge": [
      "모던",
      "스마트",
      "인스퍼레이션",
      "인스퍼레이션 N Line"
    ],
    "badge_detail": []
  },
  "쏘나타 디 엣지 하이브리드(DN8)": {
    "badge": [
      "프리미엄",
      "익스클루시브",
      "인스퍼레이션"
    ],
    "badge_detail": []
  },
  "코나 일렉트릭 (SX2)": {
    "badge": [
      "롱레인지",
      "스탠다드"
    ],
    "badge_detail": [
      "인스퍼레이션",
      "프리미엄"
    ]
  },
  "더 뉴 코나 하이브리드": {
    "badge": [
      "인스퍼레이션",
      "모던",
      "스마트",
      "모던 초이스"
    ],
    "badge_detail": []
  },
  "팰리세이드 (LX3)": {
    "badge": [
      "가솔린 2.5T 2WD 7인승",
      "가솔린 2.5T 4WD 7인승",
      "가솔린 2.5T 4WD 9인승",
      "가솔린 2.5T 2WD 9인승"
    ],
    "badge_detail": [
      "프레스티지",
      "캘리그래피",
      "익스클루시브"
    ]
  },
  "코나 일렉트릭": {
    "badge": [
      "프리미엄",
      "모던",
      "택시형"
    ],
    "badge_detail": []
  },
  "투싼": {
    "badge": [
      "디젤(CRDI) 2WD MX",
      "디젤(VGT) 2WD MX",
      "디젤(VGT) 2WD MXL",
      "가솔린 메트로 2WD MX",
      "디젤(VGT) 4WD JX",
      "디젤(CRDI) 2WD MXL",
      "디젤(VGT) 2WD JX",
      "디젤(VGT) 2WD 에스티"
    ],
    "badge_detail": [
      "고급형",
      "베스트 럭셔리",
      "기본형"
    ]
  },
  "그랜저 HG 하이브리드": {
    "badge": [
      "프리미엄",
      "프리미엄 컬렉션"
    ],
    "badge_detail": []
  },
  "쏘나타 디 엣지(DN8)": {
    "badge": [
      "2.0 LPG",
      "2.0 LPG(영업용)",
      "1.6 터보",
      "2.0",
      "2.0 LPG(렌터카)"
    ],
    "badge_detail": [
      "익스클루시브",
      "모빌리티",
      "인스퍼레이션",
      "프리미엄",
      "비즈니스 1",
      "비즈니스 2"
    ]
  },
  "스타렉스": {
    "badge": [
      "3인승 윈도우밴",
      "이지무브 리프트",
      "6인승 판넬밴",
      "9인승 LPG",
      "9인승 CRDi 2WD"
    ],
    "badge_detail": [
      "GRX",
      "SV",
      "GOLD"
    ]
  },
  "스타렉스 점보": {
    "badge": [
      "12인승",
      "3인승 판넬밴",
      "6인승 윈도우밴",
      "6인승 판넬밴",
      "6인승 CRDi 판넬밴",
      "6인승 CRDi 윈도우밴",
      "리무진",
      "11인승 CRDi",
      "12인승 CRDi"
    ],
    "badge_detail": [
      "GX",
      "GRX",
      "GRX 기본형",
      "GRX 고급형"
    ]
  },
  "코나 하이브리드 (SX2)": {
    "badge": [
      "모던",
      "프리미엄",
      "인스퍼레이션",
      "모던 플러스"
    ],
    "badge_detail": []
  },
  "쏘나타 하이브리드": {
    "badge": [
      "2.0"
    ],
    "badge_detail": [
      "스마트"
    ]
  },
  "쏘나타 더 브릴리언트": {
    "badge": [
      "LPI 프리미엄",
      "CVVL 스마트",
      "CVVL 모던",
      "LPI 프리미엄 스페셜",
      "LPI 스마트",
      "LPI 모던(장애인용)"
    ],
    "badge_detail": []
  },
  "싼타페 CM": {
    "badge": [
      "2WD(2.0 e-VGT) MLX",
      "2WD(2.0VGT) MLX",
      "2WD(2.0VGT) CLX"
    ],
    "badge_detail": [
      "럭셔리",
      "기본형",
      "최고급형"
    ]
  },
  "그랜저": {
    "badge": [
      "2.0",
      "2.4"
    ],
    "badge_detail": []
  },
  "일렉트리파이드 G80 (RG3)": {
    "badge": [
      "e-AWD"
    ],
    "badge_detail": []
  },
  "아반떼 HD": {
    "badge": [
      "1.6 VVT S16"
    ],
    "badge_detail": [
      "럭셔리"
    ]
  },
  "뉴 EF 쏘나타": {
    "badge": [
      "LPG 2.0 TXL"
    ],
    "badge_detail": []
  },
  "아반떼 쿠페": {
    "badge": [
      "2.0 GDi 프리미엄"
    ],
    "badge_detail": [
      "기본형"
    ]
  },
  "YF 쏘나타": {
    "badge": [
      "Y20 프라임"
    ],
    "badge_detail": [
      "최고급형"
    ]
  },
  "뉴 그랜저": {
    "badge": [
      "2.0 이그제큐티브"
    ],
    "badge_detail": []
  }
}