{
"meta":{"test_sets":[],"test_metrics":[],"learn_metrics":[{"best_value":"Min","name":"RMSE"}],"launch_mode":"Train","parameters":"","iteration_count":950,"learn_sets":["learn"],"name":"experiment"},
"iterations":[
{"learn":[1207.507436],"iteration":0,"passed_time":0.006160088262,"remaining_time":5.845923761},
{"learn":[1124.288874],"iteration":1,"passed_time":0.009514076819,"remaining_time":4.509672412},
{"learn":[1044.900262],"iteration":2,"passed_time":0.01204785901,"remaining_time":3.803107495},
{"learn":[973.2763608],"iteration":3,"passed_time":0.01542609628,"remaining_time":3.64827177},
{"learn":[909.3482325],"iteration":4,"passed_time":0.01893790944,"remaining_time":3.579264884},
{"learn":[854.3472811],"iteration":5,"passed_time":0.02148069115,"remaining_time":3.379628742},
{"learn":[804.3193659],"iteration":6,"passed_time":0.0236939064,"remaining_time":3.191907677},
{"learn":[758.0371023],"iteration":7,"passed_time":0.02579012788,"remaining_time":3.036787558},
{"learn":[715.818718],"iteration":8,"passed_time":0.02775960609,"remaining_time":2.902421037},
{"learn":[679.0727656],"iteration":9,"passed_time":0.03045571265,"remaining_time":2.862836989},
{"learn":[645.8541177],"iteration":10,"passed_time":0.03284641846,"remaining_time":2.803889721},
{"learn":[616.1692344],"iteration":11,"passed_time":0.03488580996,"remaining_time":2.726907478},
{"learn":[590.0137936],"iteration":12,"passed_time":0.03675383557,"remaining_time":2.649103379},
{"learn":[566.3500248],"iteration":13,"passed_time":0.03882689228,"remaining_time":2.595855084},
{"learn":[546.7228205],"iteration":14,"passed_time":0.04102410838,"remaining_time":2.557169422},
{"learn":[527.9613115],"iteration":15,"passed_time":0.04310074789,"remaining_time":2.516006158},
{"learn":[511.8186856],"iteration":16,"passed_time":0.04517584649,"remaining_time":2.479356752},
{"learn":[498.1990944],"iteration":17,"passed_time":0.04781020634,"remaining_time":2.475506239},
{"learn":[485.74515],"iteration":18,"passed_time":0.04996154988,"remaining_time":2.448115944},
{"learn":[474.2002855],"iteration":19,"passed_time":0.05207610437,"remaining_time":2.421538853},
{"learn":[464.7126481],"iteration":20,"passed_time":0.05426336301,"remaining_time":2.400507821},
{"learn":[456.4812658],"iteration":21,"passed_time":0.05641383259,"remaining_time":2.379638029},
{"learn":[448.7122701],"iteration":22,"passed_time":0.05851472082,"remaining_time":2.358397661},
{"learn":[441.8089051],"iteration":23,"passed_time":0.06058086089,"remaining_time":2.337411549},
{"learn":[435.6579509],"iteration":24,"passed_time":0.06287798868,"remaining_time":2.326485581},
{"learn":[430.3125846],"iteration":25,"passed_time":0.06502633238,"remaining_time":2.310935812},
{"learn":[424.8596434],"iteration":26,"passed_time":0.0671987168,"remaining_time":2.297200578},
{"learn":[420.7524573],"iteration":27,"passed_time":0.06934426965,"remaining_time":2.283407736},
{"learn":[417.2388239],"iteration":28,"passed_time":0.07142295106,"remaining_time":2.268294411},
{"learn":[413.5291087],"iteration":29,"passed_time":0.07390540298,"remaining_time":2.266432358},
{"learn":[410.2160092],"iteration":30,"passed_time":0.07598025059,"remaining_time":2.252446784},
{"learn":[407.2795739],"iteration":31,"passed_time":0.07817463384,"remaining_time":2.242634808},
{"learn":[404.9817913],"iteration":32,"passed_time":0.08061829483,"remaining_time":2.240211405},
{"learn":[402.2606516],"iteration":33,"passed_time":0.08279997076,"remaining_time":2.230728624},
{"learn":[399.9162083],"iteration":34,"passed_time":0.08486469491,"remaining_time":2.218605596},
{"learn":[397.7093697],"iteration":35,"passed_time":0.08696045841,"remaining_time":2.207829416},
{"learn":[394.4669544],"iteration":36,"passed_time":0.08952357204,"remaining_time":2.209054629},
{"learn":[392.4710027],"iteration":37,"passed_time":0.09148434272,"remaining_time":2.195624225},
{"learn":[391.0620969],"iteration":38,"passed_time":0.09463225824,"remaining_time":2.210512494},
{"learn":[388.7920215],"iteration":39,"passed_time":0.09704658779,"remaining_time":2.207809872},
{"learn":[387.2553898],"iteration":40,"passed_time":0.09916526707,"remaining_time":2.198566531},
{"learn":[385.8115617],"iteration":41,"passed_time":0.1010780823,"remaining_time":2.185211875},
{"learn":[384.3576918],"iteration":42,"passed_time":0.1034207487,"remaining_time":2.181456257},
{"learn":[383.0364176],"iteration":43,"passed_time":0.1055268036,"remaining_time":2.17289282},
{"learn":[382.0313113],"iteration":44,"passed_time":0.108282324,"remaining_time":2.17767785},
{"learn":[380.9426204],"iteration":45,"passed_time":0.1102597188,"remaining_time":2.16684317},
{"learn":[379.4429616],"iteration":46,"passed_time":0.112699339,"remaining_time":2.165266024},
{"learn":[377.9944732],"iteration":47,"passed_time":0.1146934829,"remaining_time":2.1552817},
{"learn":[376.8673758],"iteration":48,"passed_time":0.1168998235,"remaining_time":2.149525327},
{"learn":[375.7893642],"iteration":49,"passed_time":0.1191539116,"remaining_time":2.144770409},
{"learn":[374.87041],"iteration":50,"passed_time":0.1215728249,"remaining_time":2.143019012},
{"learn":[373.8453218],"iteration":51,"passed_time":0.1236634217,"remaining_time":2.135572167},
{"learn":[373.2596922],"iteration":52,"passed_time":0.1258434307,"remaining_time":2.129840705},
{"learn":[372.4954563],"iteration":53,"passed_time":0.1296089804,"remaining_time":2.150549008},
{"learn":[371.1601913],"iteration":54,"passed_time":0.1318436525,"remaining_time":2.145455799},
{"learn":[370.246906],"iteration":55,"passed_time":0.1343013547,"remaining_time":2.144025198},
{"learn":[369.4540245],"iteration":56,"passed_time":0.136758765,"remaining_time":2.142553985},
{"learn":[368.5830122],"iteration":57,"passed_time":0.1388000734,"remaining_time":2.134649404},
{"learn":[368.1246584],"iteration":58,"passed_time":0.1410089558,"remaining_time":2.129474232},
{"learn":[367.4011682],"iteration":59,"passed_time":0.1432672527,"remaining_time":2.125130915},
{"learn":[366.3134187],"iteration":60,"passed_time":0.1456154188,"remaining_time":2.122165693},
{"learn":[365.3534143],"iteration":61,"passed_time":0.1483418157,"remaining_time":2.124637619},
{"learn":[364.7542155],"iteration":62,"passed_time":0.1507957682,"remaining_time":2.123108672},
{"learn":[363.452572],"iteration":63,"passed_time":0.15327972,"remaining_time":2.121966124},
{"learn":[362.9684323],"iteration":64,"passed_time":0.1556318869,"remaining_time":2.118987998},
{"learn":[362.2030871],"iteration":65,"passed_time":0.1578773924,"remaining_time":2.114600225},
{"learn":[361.5629503],"iteration":66,"passed_time":0.1601616039,"remaining_time":2.110786511},
{"learn":[361.0035286],"iteration":67,"passed_time":0.1628357536,"remaining_time":2.11207551},
{"learn":[360.5612003],"iteration":68,"passed_time":0.1651271727,"remaining_time":2.108362886},
{"learn":[359.8150651],"iteration":69,"passed_time":0.1676598709,"remaining_time":2.107724092},
{"learn":[358.9020542],"iteration":70,"passed_time":0.1702776477,"remaining_time":2.108085243},
{"learn":[358.4873619],"iteration":71,"passed_time":0.1726538962,"remaining_time":2.105418346},
{"learn":[357.5943948],"iteration":72,"passed_time":0.1748965689,"remaining_time":2.10115467},
{"learn":[357.0319294],"iteration":73,"passed_time":0.1775064301,"remaining_time":2.101292334},
{"learn":[356.320702],"iteration":74,"passed_time":0.1800292958,"remaining_time":2.100341785},
{"learn":[356.017717],"iteration":75,"passed_time":0.1824729998,"remaining_time":2.098439498},
{"learn":[355.3615939],"iteration":76,"passed_time":0.1848138343,"remaining_time":2.095356848},
{"learn":[355.046976],"iteration":77,"passed_time":0.1870032178,"remaining_time":2.090600076},
{"learn":[354.488639],"iteration":78,"passed_time":0.1892139332,"remaining_time":2.086143491},
{"learn":[354.0400622],"iteration":79,"passed_time":0.1915028114,"remaining_time":2.082593074},
{"learn":[353.1524695],"iteration":80,"passed_time":0.1938838927,"remaining_time":2.080062997},
{"learn":[352.5898058],"iteration":81,"passed_time":0.1962722237,"remaining_time":2.077613294},
{"learn":[352.0380993],"iteration":82,"passed_time":0.1988509615,"remaining_time":2.077154019},
{"learn":[352.0048561],"iteration":83,"passed_time":0.2003544235,"remaining_time":2.065558699},
{"learn":[351.5928859],"iteration":84,"passed_time":0.2030621964,"remaining_time":2.066456469},
{"learn":[351.100973],"iteration":85,"passed_time":0.2053380753,"remaining_time":2.062931361},
{"learn":[350.7001866],"iteration":86,"passed_time":0.2078688987,"remaining_time":2.061963903},
{"learn":[350.0199126],"iteration":87,"passed_time":0.2104140973,"remaining_time":2.061101725},
{"learn":[349.5859534],"iteration":88,"passed_time":0.2128730504,"remaining_time":2.059367376},
{"learn":[349.1505494],"iteration":89,"passed_time":0.2150778921,"remaining_time":2.055188747},
{"learn":[348.7065008],"iteration":90,"passed_time":0.2172374852,"remaining_time":2.050626372},
{"learn":[347.9314996],"iteration":91,"passed_time":0.2194816988,"remaining_time":2.046905409},
{"learn":[347.2962032],"iteration":92,"passed_time":0.222373754,"remaining_time":2.049186098},
{"learn":[346.8780273],"iteration":93,"passed_time":0.2244522684,"remaining_time":2.043948316},
{"learn":[346.710047],"iteration":94,"passed_time":0.226432871,"remaining_time":2.037895839},
{"learn":[346.048447],"iteration":95,"passed_time":0.2291483095,"remaining_time":2.03846517},
{"learn":[345.8084856],"iteration":96,"passed_time":0.2316483435,"remaining_time":2.037072547},
{"learn":[345.3642203],"iteration":97,"passed_time":0.2342132901,"remaining_time":2.036221665},
{"learn":[344.864068],"iteration":98,"passed_time":0.2369518944,"remaining_time":2.03682891},
{"learn":[344.3158326],"iteration":99,"passed_time":0.2401140181,"remaining_time":2.040969154},
{"learn":[344.0383758],"iteration":100,"passed_time":0.2428998699,"remaining_time":2.041801877},
{"learn":[343.6121556],"iteration":101,"passed_time":0.2450696295,"remaining_time":2.037441625},
{"learn":[343.0744292],"iteration":102,"passed_time":0.2471873078,"remaining_time":2.032695628},
{"learn":[342.7418112],"iteration":103,"passed_time":0.2494818517,"remaining_time":2.029438909},
{"learn":[342.4729239],"iteration":104,"passed_time":0.2516439447,"remaining_time":2.025134603},
{"learn":[342.0735318],"iteration":105,"passed_time":0.2540216092,"remaining_time":2.022587152},
{"learn":[341.739864],"iteration":106,"passed_time":0.2564326889,"remaining_time":2.020306138},
{"learn":[341.228837],"iteration":107,"passed_time":0.259005677,"remaining_time":2.019285},
{"learn":[341.0064505],"iteration":108,"passed_time":0.2612721404,"remaining_time":2.015870368},
{"learn":[340.6607255],"iteration":109,"passed_time":0.2631868306,"remaining_time":2.009790343},
{"learn":[340.1916736],"iteration":110,"passed_time":0.2651807245,"remaining_time":2.004384035},
{"learn":[339.6491663],"iteration":111,"passed_time":0.2672025759,"remaining_time":1.999247845},
{"learn":[339.3924673],"iteration":112,"passed_time":0.2694634146,"remaining_time":1.995936974},
{"learn":[339.1528954],"iteration":113,"passed_time":0.2715408041,"remaining_time":1.99129923},
{"learn":[338.9145583],"iteration":114,"passed_time":0.2740552123,"remaining_time":1.98987915},
{"learn":[338.262503],"iteration":115,"passed_time":0.2765959102,"remaining_time":1.988629216},
{"learn":[337.8930582],"iteration":116,"passed_time":0.2789025794,"remaining_time":1.985691014},
{"learn":[337.6109377],"iteration":117,"passed_time":0.2810271754,"remaining_time":1.981479745},
{"learn":[337.0925627],"iteration":118,"passed_time":0.283251724,"remaining_time":1.978001535},
{"learn":[336.852479],"iteration":119,"passed_time":0.2854389417,"remaining_time":1.974286013},
{"learn":[336.5868981],"iteration":120,"passed_time":0.2876399076,"remaining_time":1.970689945},
{"learn":[336.3393337],"iteration":121,"passed_time":0.2896651748,"remaining_time":1.965924301},
{"learn":[336.2034627],"iteration":122,"passed_time":0.2916697352,"remaining_time":1.961063992},
{"learn":[335.8739028],"iteration":123,"passed_time":0.293740791,"remaining_time":1.956692688},
{"learn":[335.4104012],"iteration":124,"passed_time":0.2959841716,"remaining_time":1.953495533},
{"learn":[335.1148839],"iteration":125,"passed_time":0.2979831073,"remaining_time":1.948714924},
{"learn":[334.7669655],"iteration":126,"passed_time":0.300224613,"remaining_time":1.945550051},
{"learn":[334.4144636],"iteration":127,"passed_time":0.3023835822,"remaining_time":1.941869567},
{"learn":[333.940376],"iteration":128,"passed_time":0.3043802259,"remaining_time":1.937179578},
{"learn":[333.6984197],"iteration":129,"passed_time":0.3064224503,"remaining_time":1.932818533},
{"learn":[333.4382223],"iteration":130,"passed_time":0.3090180622,"remaining_time":1.931952618},
{"learn":[333.1391804],"iteration":131,"passed_time":0.311409393,"remaining_time":1.929794572},
{"learn":[332.7594679],"iteration":132,"passed_time":0.313476742,"remaining_time":1.925642844},
{"learn":[332.3908338],"iteration":133,"passed_time":0.3156601678,"remaining_time":1.922229082},
{"learn":[331.7873779],"iteration":134,"passed_time":0.317874633,"remaining_time":1.919020933},
{"learn":[331.4117511],"iteration":135,"passed_time":0.3199519395,"remaining_time":1.915006461},
{"learn":[331.105595],"iteration":136,"passed_time":0.3218905453,"remaining_time":1.910197178},
{"learn":[330.8909098],"iteration":137,"passed_time":0.3244394097,"remaining_time":1.909020295},
{"learn":[330.644255],"iteration":138,"passed_time":0.3267933675,"remaining_time":1.906686482},
{"learn":[330.2824135],"iteration":139,"passed_time":0.3290613718,"remaining_time":1.90385508},
{"learn":[329.9844557],"iteration":140,"passed_time":0.331369708,"remaining_time":1.901263076},
{"learn":[329.839897],"iteration":141,"passed_time":0.3333829759,"remaining_time":1.896996088},
{"learn":[329.5138441],"iteration":142,"passed_time":0.3355517765,"remaining_time":1.893638347},
{"learn":[328.9985835],"iteration":143,"passed_time":0.3376586644,"remaining_time":1.88995058},
{"learn":[328.5882462],"iteration":144,"passed_time":0.3401270331,"remaining_time":1.88829146},
{"learn":[328.3046516],"iteration":145,"passed_time":0.3425798186,"remaining_time":1.886535439},
{"learn":[327.809893],"iteration":146,"passed_time":0.3448514897,"remaining_time":1.883780587},
{"learn":[327.7445793],"iteration":147,"passed_time":0.3469194207,"remaining_time":1.879928212},
{"learn":[327.5751686],"iteration":148,"passed_time":0.3489344385,"remaining_time":1.875815337},
{"learn":[327.1205966],"iteration":149,"passed_time":0.3509916621,"remaining_time":1.871955531},
{"learn":[326.7552476],"iteration":150,"passed_time":0.3531290903,"remaining_time":1.868543995},
{"learn":[326.5750845],"iteration":151,"passed_time":0.3550557378,"remaining_time":1.864042624},
{"learn":[326.2305878],"iteration":152,"passed_time":0.3574244028,"remaining_time":1.861877445},
{"learn":[326.1051541],"iteration":153,"passed_time":0.3594308381,"remaining_time":1.857837319},
{"learn":[326.0509046],"iteration":154,"passed_time":0.361386443,"remaining_time":1.853562724},
{"learn":[325.8276986],"iteration":155,"passed_time":0.3632535937,"remaining_time":1.84886765},
{"learn":[325.4477272],"iteration":156,"passed_time":0.3655010991,"remaining_time":1.846129755},
{"learn":[325.2547411],"iteration":157,"passed_time":0.3678727229,"remaining_time":1.844020231},
{"learn":[324.9930547],"iteration":158,"passed_time":0.3698464929,"remaining_time":1.83992815},
{"learn":[324.7994965],"iteration":159,"passed_time":0.3718075546,"remaining_time":1.835799801},
{"learn":[324.6512402],"iteration":160,"passed_time":0.3739154004,"remaining_time":1.832417708},
{"learn":[324.3067588],"iteration":161,"passed_time":0.3758017161,"remaining_time":1.827973779},
{"learn":[324.1547771],"iteration":162,"passed_time":0.3778556898,"remaining_time":1.824370723},
{"learn":[323.8156348],"iteration":163,"passed_time":0.3800859461,"remaining_time":1.821631425},
{"learn":[323.4944234],"iteration":164,"passed_time":0.3823331596,"remaining_time":1.818978971},
{"learn":[323.355663],"iteration":165,"passed_time":0.3844147988,"remaining_time":1.815549411},
{"learn":[323.1191281],"iteration":166,"passed_time":0.3865981407,"remaining_time":1.812612839},
{"learn":[322.7958984],"iteration":167,"passed_time":0.3888524377,"remaining_time":1.810015514},
{"learn":[322.5110959],"iteration":168,"passed_time":0.3909694501,"remaining_time":1.806787814},
{"learn":[322.4567981],"iteration":169,"passed_time":0.3930637977,"remaining_time":1.803469189},
{"learn":[322.2507159],"iteration":170,"passed_time":0.3953460093,"remaining_time":1.801020709},
{"learn":[322.0620555],"iteration":171,"passed_time":0.3975188107,"remaining_time":1.798079271},
{"learn":[321.9033069],"iteration":172,"passed_time":0.3995895755,"remaining_time":1.79468844},
{"learn":[321.7537242],"iteration":173,"passed_time":0.4015948858,"remaining_time":1.79102087},
{"learn":[321.3879457],"iteration":174,"passed_time":0.4035791142,"remaining_time":1.787278934},
{"learn":[321.1838295],"iteration":175,"passed_time":0.4055290105,"remaining_time":1.783405989},
{"learn":[321.0177507],"iteration":176,"passed_time":0.4077154772,"remaining_time":1.780587931},
{"learn":[320.7348489],"iteration":177,"passed_time":0.4097267042,"remaining_time":1.777016942},
{"learn":[320.6235701],"iteration":178,"passed_time":0.4119112539,"remaining_time":1.774209926},
{"learn":[320.4639388],"iteration":179,"passed_time":0.4138658579,"remaining_time":1.77042617},
{"learn":[320.2486284],"iteration":180,"passed_time":0.4159611635,"remaining_time":1.767260413},
{"learn":[320.0625676],"iteration":181,"passed_time":0.4181213815,"remaining_time":1.764380335},
{"learn":[319.8949912],"iteration":182,"passed_time":0.4207475758,"remaining_time":1.763461151},
{"learn":[319.6610465],"iteration":183,"passed_time":0.4228890869,"remaining_time":1.760505655},
{"learn":[319.6075147],"iteration":184,"passed_time":0.4250755115,"remaining_time":1.757744683},
{"learn":[319.5291165],"iteration":185,"passed_time":0.4271019877,"remaining_time":1.754332896},
{"learn":[319.4131254],"iteration":186,"passed_time":0.4292337073,"remaining_time":1.751365341},
{"learn":[319.0636336],"iteration":187,"passed_time":0.4313809681,"remaining_time":1.748469668},
{"learn":[318.8652854],"iteration":188,"passed_time":0.4333886953,"remaining_time":1.74502009},
{"learn":[318.8203307],"iteration":189,"passed_time":0.4354060049,"remaining_time":1.74162402},
{"learn":[318.7342632],"iteration":190,"passed_time":0.4373676506,"remaining_time":1.738021187},
{"learn":[318.2059992],"iteration":191,"passed_time":0.439576367,"remaining_time":1.735410866},
{"learn":[318.1307352],"iteration":192,"passed_time":0.4417335853,"remaining_time":1.732602715},
{"learn":[317.9271225],"iteration":193,"passed_time":0.4443192807,"remaining_time":1.731471011},
{"learn":[317.6842524],"iteration":194,"passed_time":0.446758068,"remaining_time":1.729755596},
{"learn":[317.5741913],"iteration":195,"passed_time":0.4487394625,"remaining_time":1.726273239},
{"learn":[316.9697923],"iteration":196,"passed_time":0.4513310327,"remaining_time":1.725138414},
{"learn":[316.7596286],"iteration":197,"passed_time":0.4537949856,"remaining_time":1.723504188},
{"learn":[316.2947776],"iteration":198,"passed_time":0.4568198246,"remaining_time":1.723978333},
{"learn":[316.0854384],"iteration":199,"passed_time":0.4592439867,"remaining_time":1.72216495},
{"learn":[315.888687],"iteration":200,"passed_time":0.4614284954,"remaining_time":1.719452453},
{"learn":[315.4583006],"iteration":201,"passed_time":0.4633961408,"remaining_time":1.715942145},
{"learn":[315.2698683],"iteration":202,"passed_time":0.4658122212,"remaining_time":1.714097188},
{"learn":[315.0146125],"iteration":203,"passed_time":0.4682260518,"remaining_time":1.712238405},
{"learn":[314.6742498],"iteration":204,"passed_time":0.4705617195,"remaining_time":1.710090151},
{"learn":[314.2355514],"iteration":205,"passed_time":0.4730254214,"remaining_time":1.708402493},
{"learn":[314.066426],"iteration":206,"passed_time":0.4756189085,"remaining_time":1.707173184},
{"learn":[313.8991346],"iteration":207,"passed_time":0.4791361383,"remaining_time":1.709226032},
{"learn":[313.8412797],"iteration":208,"passed_time":0.4810668686,"remaining_time":1.705600716},
{"learn":[313.5561302],"iteration":209,"passed_time":0.4841785781,"remaining_time":1.706153085},
{"learn":[313.2547498],"iteration":210,"passed_time":0.4867045687,"remaining_time":1.704619319},
{"learn":[313.0138817],"iteration":211,"passed_time":0.4888367472,"remaining_time":1.70170528},
{"learn":[312.5229465],"iteration":212,"passed_time":0.4911269584,"remaining_time":1.699345391},
{"learn":[312.2960056],"iteration":213,"passed_time":0.4933556728,"remaining_time":1.69677465},
{"learn":[312.1112979],"iteration":214,"passed_time":0.4955241414,"remaining_time":1.694001135},
{"learn":[311.814694],"iteration":215,"passed_time":0.4979216389,"remaining_time":1.692011495},
{"learn":[311.6208538],"iteration":216,"passed_time":0.5004858775,"remaining_time":1.690581328},
{"learn":[311.400515],"iteration":217,"passed_time":0.5027571316,"remaining_time":1.688156974},
{"learn":[311.1820446],"iteration":218,"passed_time":0.5051525042,"remaining_time":1.686148313},
{"learn":[310.9800768],"iteration":219,"passed_time":0.5072196862,"remaining_time":1.683047141},
{"learn":[310.8412577],"iteration":220,"passed_time":0.5094081528,"remaining_time":1.6803554},
{"learn":[310.7108822],"iteration":221,"passed_time":0.5118178166,"remaining_time":1.678393561},
{"learn":[310.4647487],"iteration":222,"passed_time":0.5147653267,"remaining_time":1.678181132},
{"learn":[310.1448241],"iteration":223,"passed_time":0.5178740363,"remaining_time":1.678466743},
{"learn":[310.0435664],"iteration":224,"passed_time":0.5198684722,"remaining_time":1.675131744},
{"learn":[309.8117173],"iteration":225,"passed_time":0.5219515284,"remaining_time":1.672092507},
{"learn":[309.4460506],"iteration":226,"passed_time":0.5239825454,"remaining_time":1.668895948},
{"learn":[309.2795955],"iteration":227,"passed_time":0.5261050154,"remaining_time":1.665999216},
{"learn":[309.1312529],"iteration":228,"passed_time":0.5282813576,"remaining_time":1.66327886},
{"learn":[308.8518358],"iteration":229,"passed_time":0.5305082812,"remaining_time":1.660721576},
{"learn":[308.6040912],"iteration":230,"passed_time":0.5330226054,"remaining_time":1.659061702},
{"learn":[308.4208358],"iteration":231,"passed_time":0.5357615427,"remaining_time":1.658089602},
{"learn":[308.2489011],"iteration":232,"passed_time":0.5386239314,"remaining_time":1.657482227},
{"learn":[308.1075833],"iteration":233,"passed_time":0.5410245537,"remaining_time":1.655442651},
{"learn":[307.7204304],"iteration":234,"passed_time":0.5432752259,"remaining_time":1.652943772},
{"learn":[307.5387168],"iteration":235,"passed_time":0.545302868,"remaining_time":1.649772236},
{"learn":[307.2338877],"iteration":236,"passed_time":0.5479867662,"remaining_time":1.64858466},
{"learn":[306.8132906],"iteration":237,"passed_time":0.5505774204,"remaining_time":1.64710556},
{"learn":[306.5673675],"iteration":238,"passed_time":0.5530300809,"remaining_time":1.645206642},
{"learn":[306.3970088],"iteration":239,"passed_time":0.5556361503,"remaining_time":1.643756945},
{"learn":[306.1749512],"iteration":240,"passed_time":0.5601935748,"remaining_time":1.648038359},
{"learn":[305.9686847],"iteration":241,"passed_time":0.5628842227,"remaining_time":1.646785246},
{"learn":[305.8125223],"iteration":242,"passed_time":0.5660660534,"remaining_time":1.646949382},
{"learn":[305.7318255],"iteration":243,"passed_time":0.5682933519,"remaining_time":1.644324207},
{"learn":[305.3651666],"iteration":244,"passed_time":0.5705034013,"remaining_time":1.641652645},
{"learn":[305.2230341],"iteration":245,"passed_time":0.5724373814,"remaining_time":1.638194783},
{"learn":[305.0683813],"iteration":246,"passed_time":0.5747539671,"remaining_time":1.635838214},
{"learn":[304.930886],"iteration":247,"passed_time":0.5766861973,"remaining_time":1.632393994},
{"learn":[304.8137099],"iteration":248,"passed_time":0.5790506965,"remaining_time":1.630178869},
{"learn":[304.6008624],"iteration":249,"passed_time":0.5815003992,"remaining_time":1.628201118},
{"learn":[304.428519],"iteration":250,"passed_time":0.5841935059,"remaining_time":1.626897453},
{"learn":[304.3021785],"iteration":251,"passed_time":0.5863395587,"remaining_time":1.624067508},
{"learn":[304.2264227],"iteration":252,"passed_time":0.5885004438,"remaining_time":1.621283831},
{"learn":[304.0715366],"iteration":253,"passed_time":0.5909220239,"remaining_time":1.619219404},
{"learn":[303.8776854],"iteration":254,"passed_time":0.5930376614,"remaining_time":1.616318332},
{"learn":[303.7787219],"iteration":255,"passed_time":0.5955963583,"remaining_time":1.614624502},
{"learn":[303.6317172],"iteration":256,"passed_time":0.5978802367,"remaining_time":1.612182895},
{"learn":[303.5012624],"iteration":257,"passed_time":0.6000887862,"remaining_time":1.609540465},
{"learn":[303.3278123],"iteration":258,"passed_time":0.6021581761,"remaining_time":1.606530115},
{"learn":[303.1716849],"iteration":259,"passed_time":0.6044589287,"remaining_time":1.604141003},
{"learn":[302.8882409],"iteration":260,"passed_time":0.6069834604,"remaining_time":1.602343311},
{"learn":[302.5910243],"iteration":261,"passed_time":0.6094208727,"remaining_time":1.600311299},
{"learn":[302.4655529],"iteration":262,"passed_time":0.6116398377,"remaining_time":1.597705584},
{"learn":[302.3362608],"iteration":263,"passed_time":0.6142587404,"remaining_time":1.59614203},
{"learn":[302.0845102],"iteration":264,"passed_time":0.6168929752,"remaining_time":1.594610143},
{"learn":[301.9558673],"iteration":265,"passed_time":0.6192377675,"remaining_time":1.592325688},
{"learn":[301.7584796],"iteration":266,"passed_time":0.6215433538,"remaining_time":1.589940489},
{"learn":[301.614562],"iteration":267,"passed_time":0.6237529452,"remaining_time":1.587311599},
{"learn":[301.3771309],"iteration":268,"passed_time":0.6258469168,"remaining_time":1.584393124},
{"learn":[301.3030538],"iteration":269,"passed_time":0.6283731984,"remaining_time":1.582569537},
{"learn":[301.0557661],"iteration":270,"passed_time":0.6306115793,"remaining_time":1.580019418},
{"learn":[300.9855531],"iteration":271,"passed_time":0.6328221697,"remaining_time":1.57740232},
{"learn":[300.8139284],"iteration":272,"passed_time":0.6351888358,"remaining_time":1.575175245},
{"learn":[300.651662],"iteration":273,"passed_time":0.6379908527,"remaining_time":1.574021228},
{"learn":[300.5011403],"iteration":274,"passed_time":0.6409202389,"remaining_time":1.573167859},
{"learn":[300.3268097],"iteration":275,"passed_time":0.6437922951,"remaining_time":1.572159445},
{"learn":[300.2426668],"iteration":276,"passed_time":0.6463484921,"remaining_time":1.570370163},
{"learn":[300.1654993],"iteration":277,"passed_time":0.6500695021,"remaining_time":1.571391027},
{"learn":[299.9911319],"iteration":278,"passed_time":0.6526231582,"remaining_time":1.569570391},
{"learn":[299.7761175],"iteration":279,"passed_time":0.6555585441,"remaining_time":1.568657945},
{"learn":[299.4598578],"iteration":280,"passed_time":0.6580239129,"remaining_time":1.566612092},
{"learn":[299.3670396],"iteration":281,"passed_time":0.6605863186,"remaining_time":1.564793123},
{"learn":[299.1463588],"iteration":282,"passed_time":0.6627758691,"remaining_time":1.562090123},
{"learn":[298.8095957],"iteration":283,"passed_time":0.6649784609,"remaining_time":1.55942132},
{"learn":[298.5844427],"iteration":284,"passed_time":0.6669631883,"remaining_time":1.556247439},
{"learn":[298.4273027],"iteration":285,"passed_time":0.6689903714,"remaining_time":1.553180443},
{"learn":[298.3389542],"iteration":286,"passed_time":0.6711920453,"remaining_time":1.550523784},
{"learn":[298.2621496],"iteration":287,"passed_time":0.6734292593,"remaining_time":1.547951978},
{"learn":[298.0059492],"iteration":288,"passed_time":0.6759986226,"remaining_time":1.546142178},
{"learn":[297.9017486],"iteration":289,"passed_time":0.6782438781,"remaining_time":1.543589516},
{"learn":[297.8203664],"iteration":290,"passed_time":0.6806063354,"remaining_time":1.541304382},
{"learn":[297.7191215],"iteration":291,"passed_time":0.6827673045,"remaining_time":1.538564679},
{"learn":[297.5924425],"iteration":292,"passed_time":0.6849813117,"remaining_time":1.535947856},
{"learn":[297.4674378],"iteration":293,"passed_time":0.6871223228,"remaining_time":1.533170897},
{"learn":[297.4098731],"iteration":294,"passed_time":0.6890874272,"remaining_time":1.530007677},
{"learn":[297.2271367],"iteration":295,"passed_time":0.6913496819,"remaining_time":1.527509094},
{"learn":[296.8895351],"iteration":296,"passed_time":0.6936051029,"remaining_time":1.524997078},
{"learn":[296.7619477],"iteration":297,"passed_time":0.6958048608,"remaining_time":1.522364998},
{"learn":[296.6446179],"iteration":298,"passed_time":0.6981351538,"remaining_time":1.520020017},
{"learn":[296.5229051],"iteration":299,"passed_time":0.7005746071,"remaining_time":1.517911649},
{"learn":[296.4409625],"iteration":300,"passed_time":0.7027281585,"remaining_time":1.515184634},
{"learn":[296.2710324],"iteration":301,"passed_time":0.705237275,"remaining_time":1.513224352},
{"learn":[296.181141],"iteration":302,"passed_time":0.7074303663,"remaining_time":1.510585634},
{"learn":[296.1166159],"iteration":303,"passed_time":0.7096120422,"remaining_time":1.50792559},
{"learn":[295.9283222],"iteration":304,"passed_time":0.7116205184,"remaining_time":1.504902408},
{"learn":[295.7857746],"iteration":305,"passed_time":0.7137938607,"remaining_time":1.502232831},
{"learn":[295.6134251],"iteration":306,"passed_time":0.7159667861,"remaining_time":1.499565614},
{"learn":[295.4412078],"iteration":307,"passed_time":0.7178726017,"remaining_time":1.496344839},
{"learn":[295.3272917],"iteration":308,"passed_time":0.7200793593,"remaining_time":1.493756859},
{"learn":[295.2084942],"iteration":309,"passed_time":0.7226179323,"remaining_time":1.491856376},
{"learn":[295.1049282],"iteration":310,"passed_time":0.7249109773,"remaining_time":1.489447313},
{"learn":[295.0447935],"iteration":311,"passed_time":0.7272615192,"remaining_time":1.487156568},
{"learn":[294.9257174],"iteration":312,"passed_time":0.7292609128,"remaining_time":1.484150803},
{"learn":[294.8469327],"iteration":313,"passed_time":0.731514043,"remaining_time":1.481665386},
{"learn":[294.54422],"iteration":314,"passed_time":0.7341962753,"remaining_time":1.48004646},
{"learn":[294.416312],"iteration":315,"passed_time":0.7366844769,"remaining_time":1.478031514},
{"learn":[294.2579953],"iteration":316,"passed_time":0.7389926871,"remaining_time":1.475654167},
{"learn":[294.0170851],"iteration":317,"passed_time":0.741305522,"remaining_time":1.473286446},
{"learn":[293.8420963],"iteration":318,"passed_time":0.7433908281,"remaining_time":1.470469005},
{"learn":[293.6881636],"iteration":319,"passed_time":0.7458139072,"remaining_time":1.46832113},
{"learn":[293.6186006],"iteration":320,"passed_time":0.7478885048,"remaining_time":1.46548869},
{"learn":[293.5574222],"iteration":321,"passed_time":0.7500858879,"remaining_time":1.462900427},
{"learn":[293.489321],"iteration":322,"passed_time":0.7524188478,"remaining_time":1.460577763},
{"learn":[293.1982334],"iteration":323,"passed_time":0.7546112311,"remaining_time":1.457983428},
{"learn":[293.0972825],"iteration":324,"passed_time":0.756756409,"remaining_time":1.455300787},
{"learn":[292.987681],"iteration":325,"passed_time":0.7587774685,"remaining_time":1.452383866},
{"learn":[292.9319372],"iteration":326,"passed_time":0.7608666913,"remaining_time":1.44960229},
{"learn":[292.8005724],"iteration":327,"passed_time":0.7629529973,"remaining_time":1.446819403},
{"learn":[292.7279],"iteration":328,"passed_time":0.7652648743,"remaining_time":1.444466526},
{"learn":[292.5809431],"iteration":329,"passed_time":0.7677870311,"remaining_time":1.442508968},
{"learn":[292.4926372],"iteration":330,"passed_time":0.7704905533,"remaining_time":1.440887168},
{"learn":[292.3266803],"iteration":331,"passed_time":0.7727359758,"remaining_time":1.438406124},
{"learn":[292.2508874],"iteration":332,"passed_time":0.7749541078,"remaining_time":1.435875929},
{"learn":[292.1308335],"iteration":333,"passed_time":0.7768990883,"remaining_time":1.432843828},
{"learn":[292.0081582],"iteration":334,"passed_time":0.7788017371,"remaining_time":1.429740502},
{"learn":[291.7899294],"iteration":335,"passed_time":0.7808780426,"remaining_time":1.426961661},
{"learn":[291.7027711],"iteration":336,"passed_time":0.7832645827,"remaining_time":1.424751303},
{"learn":[291.6284456],"iteration":337,"passed_time":0.7858847773,"remaining_time":1.422962969},
{"learn":[291.5198735],"iteration":338,"passed_time":0.788052078,"remaining_time":1.42035345},
{"learn":[291.4085251],"iteration":339,"passed_time":0.7903533305,"remaining_time":1.417986858},
{"learn":[291.256246],"iteration":340,"passed_time":0.7924888419,"remaining_time":1.415324647},
{"learn":[291.0023186],"iteration":341,"passed_time":0.7946043954,"remaining_time":1.412630036},
{"learn":[290.8961998],"iteration":342,"passed_time":0.7968221114,"remaining_time":1.410119596},
{"learn":[290.6628227],"iteration":343,"passed_time":0.7990531587,"remaining_time":1.407634343},
{"learn":[290.5922329],"iteration":344,"passed_time":0.8011159239,"remaining_time":1.404855461},
{"learn":[290.4653867],"iteration":345,"passed_time":0.8036596636,"remaining_time":1.402920338},
{"learn":[290.3558378],"iteration":346,"passed_time":0.8059432501,"remaining_time":1.400529625},
{"learn":[290.2528848],"iteration":347,"passed_time":0.8082930831,"remaining_time":1.398254126},
{"learn":[290.0729949],"iteration":348,"passed_time":0.8106649569,"remaining_time":1.396016158},
{"learn":[289.8734087],"iteration":349,"passed_time":0.8127947186,"remaining_time":1.393362375},
{"learn":[289.8126396],"iteration":350,"passed_time":0.8149620203,"remaining_time":1.390775641},
{"learn":[289.6963583],"iteration":351,"passed_time":0.8170942818,"remaining_time":1.388131763},
{"learn":[289.5570426],"iteration":352,"passed_time":0.8192448754,"remaining_time":1.385521786},
{"learn":[289.4300246],"iteration":353,"passed_time":0.8216642047,"remaining_time":1.383366853},
{"learn":[289.2522858],"iteration":354,"passed_time":0.8241644467,"remaining_time":1.381346044},
{"learn":[289.1009678],"iteration":355,"passed_time":0.8262642519,"remaining_time":1.378654398},
{"learn":[288.9955791],"iteration":356,"passed_time":0.8284576352,"remaining_time":1.376121506},
{"learn":[288.9338527],"iteration":357,"passed_time":0.8305024435,"remaining_time":1.373344823},
{"learn":[288.8208689],"iteration":358,"passed_time":0.8326929939,"remaining_time":1.370812143},
{"learn":[288.7567581],"iteration":359,"passed_time":0.8346784303,"remaining_time":1.367945205},
{"learn":[288.672674],"iteration":360,"passed_time":0.8369481015,"remaining_time":1.365546902},
{"learn":[288.5239611],"iteration":361,"passed_time":0.8393367244,"remaining_time":1.363342525},
{"learn":[288.4684995],"iteration":362,"passed_time":0.8415380653,"remaining_time":1.360834282},
{"learn":[288.3696771],"iteration":363,"passed_time":0.8438052357,"remaining_time":1.358433704},
{"learn":[288.2786981],"iteration":364,"passed_time":0.8459714545,"remaining_time":1.355872057},
{"learn":[288.1591662],"iteration":365,"passed_time":0.8480113049,"remaining_time":1.353110935},
{"learn":[288.0357871],"iteration":366,"passed_time":0.8500274477,"remaining_time":1.350316082},
{"learn":[287.9941194],"iteration":367,"passed_time":0.8520953786,"remaining_time":1.347607365},
{"learn":[287.9342542],"iteration":368,"passed_time":0.8542947206,"remaining_time":1.345109032},
{"learn":[287.5969709],"iteration":369,"passed_time":0.8562752403,"remaining_time":1.342269296},
{"learn":[287.5189472],"iteration":370,"passed_time":0.8587539834,"remaining_time":1.340211742},
{"learn":[287.4151442],"iteration":371,"passed_time":0.860865454,"remaining_time":1.33758127},
{"learn":[287.353067],"iteration":372,"passed_time":0.863122584,"remaining_time":1.335178903},
{"learn":[287.2402583],"iteration":373,"passed_time":0.8655986612,"remaining_time":1.333114516},
{"learn":[286.9943982],"iteration":374,"passed_time":0.8676535099,"remaining_time":1.330402049},
{"learn":[286.931401],"iteration":375,"passed_time":0.8697742721,"remaining_time":1.327793703},
{"learn":[286.8528781],"iteration":376,"passed_time":0.8721803521,"remaining_time":1.325621596},
{"learn":[286.767815],"iteration":377,"passed_time":0.8743906515,"remaining_time":1.323151991},
{"learn":[286.6740689],"iteration":378,"passed_time":0.8766560309,"remaining_time":1.320766738},
{"learn":[286.3652249],"iteration":379,"passed_time":0.8789792823,"remaining_time":1.318468923},
{"learn":[286.3056],"iteration":380,"passed_time":0.8811388754,"remaining_time":1.315926562},
{"learn":[286.1174572],"iteration":381,"passed_time":0.8833021773,"remaining_time":1.313391719},
{"learn":[285.8558938],"iteration":382,"passed_time":0.8856115125,"remaining_time":1.311075007},
{"learn":[285.8032851],"iteration":383,"passed_time":0.8878047708,"remaining_time":1.30858724},
{"learn":[285.7122656],"iteration":384,"passed_time":0.8900811497,"remaining_time":1.306222986},
{"learn":[285.622911],"iteration":385,"passed_time":0.8922292854,"remaining_time":1.303671806},
{"learn":[285.5229194],"iteration":386,"passed_time":0.8943879625,"remaining_time":1.301138044},
{"learn":[285.4008471],"iteration":387,"passed_time":0.8963674402,"remaining_time":1.298346653},
{"learn":[285.3564256],"iteration":388,"passed_time":0.8986385284,"remaining_time":1.295979986},
{"learn":[285.2657843],"iteration":389,"passed_time":0.9006700453,"remaining_time":1.293269809},
{"learn":[285.2057589],"iteration":390,"passed_time":0.9028415548,"remaining_time":1.290763246},
{"learn":[285.1571546],"iteration":391,"passed_time":0.9051632223,"remaining_time":1.288472138},
{"learn":[285.1022415],"iteration":392,"passed_time":0.9073529388,"remaining_time":1.28599386},
{"learn":[284.9107768],"iteration":393,"passed_time":0.9094552019,"remaining_time":1.283393635},
{"learn":[284.8261855],"iteration":394,"passed_time":0.9116163789,"remaining_time":1.28087871},
{"learn":[284.7107989],"iteration":395,"passed_time":0.9137883054,"remaining_time":1.278380609},
{"learn":[284.4800259],"iteration":396,"passed_time":0.9158320306,"remaining_time":1.275705574},
{"learn":[284.4407437],"iteration":397,"passed_time":0.9177316386,"remaining_time":1.27283383},
{"learn":[284.3665185],"iteration":398,"passed_time":0.9197122412,"remaining_time":1.270078809},
{"learn":[284.2885688],"iteration":399,"passed_time":0.9218670016,"remaining_time":1.267567127},
{"learn":[284.2388022],"iteration":400,"passed_time":0.9240898833,"remaining_time":1.265150489},
{"learn":[284.0704239],"iteration":401,"passed_time":0.9261736884,"remaining_time":1.262545227},
{"learn":[283.9127988],"iteration":402,"passed_time":0.9284426507,"remaining_time":1.260193871},
{"learn":[283.8197179],"iteration":403,"passed_time":0.9306889062,"remaining_time":1.257812235},
{"learn":[283.750197],"iteration":404,"passed_time":0.9331197349,"remaining_time":1.255679643},
{"learn":[283.6000854],"iteration":405,"passed_time":0.9354985663,"remaining_time":1.253475912},
{"learn":[283.4914751],"iteration":406,"passed_time":0.9377181152,"remaining_time":1.251058812},
{"learn":[283.4188915],"iteration":407,"passed_time":0.9404574695,"remaining_time":1.249333207},
{"learn":[283.1852475],"iteration":408,"passed_time":0.9427686795,"remaining_time":1.247036322},
{"learn":[283.0780425],"iteration":409,"passed_time":0.9447660312,"remaining_time":1.244325992},
{"learn":[282.9727265],"iteration":410,"passed_time":0.946875252,"remaining_time":1.241765841},
{"learn":[282.8147476],"iteration":411,"passed_time":0.9493072066,"remaining_time":1.239629314},
{"learn":[282.6746258],"iteration":412,"passed_time":0.9515036738,"remaining_time":1.237185164},
{"learn":[282.5764596],"iteration":413,"passed_time":0.9534759019,"remaining_time":1.234451892},
{"learn":[282.4391254],"iteration":414,"passed_time":0.9556484113,"remaining_time":1.231980482},
{"learn":[282.3691746],"iteration":415,"passed_time":0.9577430498,"remaining_time":1.22941055},
{"learn":[282.2002692],"iteration":416,"passed_time":0.9599703473,"remaining_time":1.227012458},
{"learn":[282.0816699],"iteration":417,"passed_time":0.9619531588,"remaining_time":1.22430402},
{"learn":[282.0122844],"iteration":418,"passed_time":0.9639883426,"remaining_time":1.221665417},
{"learn":[281.9603348],"iteration":419,"passed_time":0.9659988606,"remaining_time":1.218998562},
{"learn":[281.8488201],"iteration":420,"passed_time":0.9682039103,"remaining_time":1.21657926},
{"learn":[281.6909802],"iteration":421,"passed_time":0.9701612221,"remaining_time":1.213851008},
{"learn":[281.4881629],"iteration":422,"passed_time":0.9724088106,"remaining_time":1.211488045},
{"learn":[281.2957494],"iteration":423,"passed_time":0.9745320726,"remaining_time":1.208971392},
{"learn":[281.149218],"iteration":424,"passed_time":0.9778093982,"remaining_time":1.207882198},
{"learn":[281.0555258],"iteration":425,"passed_time":0.9804513407,"remaining_time":1.20600118},
{"learn":[281.0037014],"iteration":426,"passed_time":0.9827588429,"remaining_time":1.203706967},
{"learn":[280.9381459],"iteration":427,"passed_time":0.9849886413,"remaining_time":1.201317922},
{"learn":[280.8521852],"iteration":428,"passed_time":0.9871845244,"remaining_time":1.198888432},
{"learn":[280.755264],"iteration":429,"passed_time":0.9894091971,"remaining_time":1.196494843},
{"learn":[280.6910598],"iteration":430,"passed_time":0.9914747542,"remaining_time":1.193910435},
{"learn":[280.6515332],"iteration":431,"passed_time":0.9933914852,"remaining_time":1.191149975},
{"learn":[280.5536467],"iteration":432,"passed_time":0.9955739111,"remaining_time":1.188710651},
{"learn":[280.502731],"iteration":433,"passed_time":0.9977664194,"remaining_time":1.186284499},
{"learn":[280.4368328],"iteration":434,"passed_time":0.9998752652,"remaining_time":1.183760372},
{"learn":[280.3371722],"iteration":435,"passed_time":1.002266346,"remaining_time":1.181570876},
{"learn":[280.2031105],"iteration":436,"passed_time":1.004560724,"remaining_time":1.179266937},
{"learn":[280.1200284],"iteration":437,"passed_time":1.006672404,"remaining_time":1.176749476},
{"learn":[279.90671],"iteration":438,"passed_time":1.008690671,"remaining_time":1.174125132},
{"learn":[279.857798],"iteration":439,"passed_time":1.010812516,"remaining_time":1.171623598},
{"learn":[279.7972417],"iteration":440,"passed_time":1.013047355,"remaining_time":1.169254204},
{"learn":[279.6979964],"iteration":441,"passed_time":1.015382898,"remaining_time":1.167001159},
{"learn":[279.5952937],"iteration":442,"passed_time":1.017759397,"remaining_time":1.164794614},
{"learn":[279.4336491],"iteration":443,"passed_time":1.019898949,"remaining_time":1.162317271},
{"learn":[279.2649207],"iteration":444,"passed_time":1.021968797,"remaining_time":1.159762342},
{"learn":[279.125053],"iteration":445,"passed_time":1.024035646,"remaining_time":1.157206201},
{"learn":[279.0649387],"iteration":446,"passed_time":1.025954169,"remaining_time":1.15448534},
{"learn":[279.0055691],"iteration":447,"passed_time":1.02800406,"remaining_time":1.151915263},
{"learn":[278.8998085],"iteration":448,"passed_time":1.030210233,"remaining_time":1.149521886},
{"learn":[278.7672288],"iteration":449,"passed_time":1.032306414,"remaining_time":1.147007126},
{"learn":[278.4536524],"iteration":450,"passed_time":1.034895651,"remaining_time":1.145039756},
{"learn":[278.3665546],"iteration":451,"passed_time":1.036927501,"remaining_time":1.142455521},
{"learn":[278.215036],"iteration":452,"passed_time":1.038928145,"remaining_time":1.139839487},
{"learn":[278.1492882],"iteration":453,"passed_time":1.041148318,"remaining_time":1.137466004},
{"learn":[277.9000704],"iteration":454,"passed_time":1.043383074,"remaining_time":1.135109059},
{"learn":[277.8260158],"iteration":455,"passed_time":1.045436673,"remaining_time":1.132556396},
{"learn":[277.7873029],"iteration":456,"passed_time":1.047479565,"remaining_time":1.129994366},
{"learn":[277.7485248],"iteration":457,"passed_time":1.049802358,"remaining_time":1.127735284},
{"learn":[277.6594377],"iteration":458,"passed_time":1.052074112,"remaining_time":1.125421327},
{"learn":[277.6055717],"iteration":459,"passed_time":1.054285369,"remaining_time":1.123043111},
{"learn":[277.4236735],"iteration":460,"passed_time":1.056448212,"remaining_time":1.120614264},
{"learn":[277.2829178],"iteration":461,"passed_time":1.05861943,"remaining_time":1.118195415},
{"learn":[277.2182568],"iteration":462,"passed_time":1.060982138,"remaining_time":1.115979052},
{"learn":[277.1354067],"iteration":463,"passed_time":1.063371927,"remaining_time":1.113790424},
{"learn":[277.0579348],"iteration":464,"passed_time":1.065605641,"remaining_time":1.111438142},
{"learn":[276.9948497],"iteration":465,"passed_time":1.068064218,"remaining_time":1.109319918},
{"learn":[276.9101148],"iteration":466,"passed_time":1.070365846,"remaining_time":1.107037909},
{"learn":[276.777563],"iteration":467,"passed_time":1.072400446,"remaining_time":1.104480801},
{"learn":[276.6937409],"iteration":468,"passed_time":1.07447646,"remaining_time":1.101968395},
{"learn":[276.4662229],"iteration":469,"passed_time":1.07681742,"remaining_time":1.099728429},
{"learn":[276.3978679],"iteration":470,"passed_time":1.079098006,"remaining_time":1.097426635},
{"learn":[276.3627999],"iteration":471,"passed_time":1.081471672,"remaining_time":1.095219193},
{"learn":[276.3103911],"iteration":472,"passed_time":1.08367368,"remaining_time":1.092837939},
{"learn":[276.0832169],"iteration":473,"passed_time":1.085904436,"remaining_time":1.090486311},
{"learn":[276.0050374],"iteration":474,"passed_time":1.088229021,"remaining_time":1.088229021},
{"learn":[275.9647974],"iteration":475,"passed_time":1.090470734,"remaining_time":1.085888924},
{"learn":[275.8884109],"iteration":476,"passed_time":1.092840483,"remaining_time":1.083676202},
{"learn":[275.6045736],"iteration":477,"passed_time":1.095288144,"remaining_time":1.081539757},
{"learn":[275.5681705],"iteration":478,"passed_time":1.09734266,"remaining_time":1.079015434},
{"learn":[275.5167637],"iteration":479,"passed_time":1.099408383,"remaining_time":1.076504041},
{"learn":[275.462756],"iteration":480,"passed_time":1.101500021,"remaining_time":1.074019771},
{"learn":[275.38079],"iteration":481,"passed_time":1.104054345,"remaining_time":1.071986376},
{"learn":[275.3230238],"iteration":482,"passed_time":1.106503381,"remaining_time":1.069849025},
{"learn":[275.1724685],"iteration":483,"passed_time":1.108486151,"remaining_time":1.067261459},
{"learn":[275.1082654],"iteration":484,"passed_time":1.110602955,"remaining_time":1.064804895},
{"learn":[275.067917],"iteration":485,"passed_time":1.112802422,"remaining_time":1.06242865},
{"learn":[274.9949913],"iteration":486,"passed_time":1.115004763,"remaining_time":1.060055863},
{"learn":[274.948225],"iteration":487,"passed_time":1.117327348,"remaining_time":1.057797613},
{"learn":[274.8994704],"iteration":488,"passed_time":1.119364032,"remaining_time":1.055269568},
{"learn":[274.6820681],"iteration":489,"passed_time":1.121719407,"remaining_time":1.053042708},
{"learn":[274.597],"iteration":490,"passed_time":1.123719925,"remaining_time":1.050483596},
{"learn":[274.4674849],"iteration":491,"passed_time":1.125790649,"remaining_time":1.047992108},
{"learn":[274.4099378],"iteration":492,"passed_time":1.128095609,"remaining_time":1.04571946},
{"learn":[274.3235501],"iteration":493,"passed_time":1.130237788,"remaining_time":1.043296419},
{"learn":[274.2580105],"iteration":494,"passed_time":1.13249096,"remaining_time":1.040976539},
{"learn":[274.1557892],"iteration":495,"passed_time":1.134814336,"remaining_time":1.038721187},
{"learn":[273.9731483],"iteration":496,"passed_time":1.136985179,"remaining_time":1.036326531},
{"learn":[273.7874339],"iteration":497,"passed_time":1.139026112,"remaining_time":1.033814865},
{"learn":[273.6215087],"iteration":498,"passed_time":1.141209746,"remaining_time":1.031434059},
{"learn":[273.5697612],"iteration":499,"passed_time":1.1433348,"remaining_time":1.02900132},
{"learn":[273.4392827],"iteration":500,"passed_time":1.145414273,"remaining_time":1.026528959},
{"learn":[273.3568675],"iteration":501,"passed_time":1.14753091,"remaining_time":1.02409133},
{"learn":[273.2956666],"iteration":502,"passed_time":1.149595968,"remaining_time":1.02160914},
{"learn":[273.2647743],"iteration":503,"passed_time":1.15207642,"remaining_time":1.019496197},
{"learn":[273.1977411],"iteration":504,"passed_time":1.15414356,"remaining_time":1.017017592},
{"learn":[273.0806492],"iteration":505,"passed_time":1.156644302,"remaining_time":1.014921087},
{"learn":[272.9688773],"iteration":506,"passed_time":1.15916421,"remaining_time":1.012839733},
{"learn":[272.885469],"iteration":507,"passed_time":1.161117481,"remaining_time":1.010263635},
{"learn":[272.8411779],"iteration":508,"passed_time":1.163070044,"remaining_time":1.00768937},
{"learn":[272.7695362],"iteration":509,"passed_time":1.165037772,"remaining_time":1.005130627},
{"learn":[272.662561],"iteration":510,"passed_time":1.167046873,"remaining_time":1.00260974},
{"learn":[272.5911926],"iteration":511,"passed_time":1.169233632,"remaining_time":1.000242833},
{"learn":[272.5485069],"iteration":512,"passed_time":1.171508719,"remaining_time":0.9979518715},
{"learn":[272.3898977],"iteration":513,"passed_time":1.173870635,"remaining_time":0.9957346243},
{"learn":[272.2771281],"iteration":514,"passed_time":1.176092642,"remaining_time":0.9933986393},
{"learn":[272.094241],"iteration":515,"passed_time":1.178231611,"remaining_time":0.9909932543},
{"learn":[271.9750146],"iteration":516,"passed_time":1.180519531,"remaining_time":0.9887136501},
{"learn":[271.8427893],"iteration":517,"passed_time":1.182784869,"remaining_time":0.9864151802},
{"learn":[271.7839101],"iteration":518,"passed_time":1.184666144,"remaining_time":0.9837978959},
{"learn":[271.7504677],"iteration":519,"passed_time":1.186830112,"remaining_time":0.9814172077},
{"learn":[271.5962058],"iteration":520,"passed_time":1.189092657,"remaining_time":0.979118522},
{"learn":[271.5456053],"iteration":521,"passed_time":1.191104633,"remaining_time":0.9766145268},
{"learn":[271.42711],"iteration":522,"passed_time":1.193490548,"remaining_time":0.9744177134},
{"learn":[271.3220609],"iteration":523,"passed_time":1.195858755,"remaining_time":0.972205782},
{"learn":[271.1655734],"iteration":524,"passed_time":1.19818109,"remaining_time":0.9699561202},
{"learn":[271.0628706],"iteration":525,"passed_time":1.20024973,"remaining_time":0.9675016832},
{"learn":[271.0144086],"iteration":526,"passed_time":1.202295746,"remaining_time":0.9650305512},
{"learn":[270.8697687],"iteration":527,"passed_time":1.20454521,"remaining_time":0.9627236338},
{"learn":[270.7811574],"iteration":528,"passed_time":1.207111199,"remaining_time":0.9606688367},
{"learn":[270.7325681],"iteration":529,"passed_time":1.209298916,"remaining_time":0.9583123487},
{"learn":[270.6249445],"iteration":530,"passed_time":1.211503716,"remaining_time":0.9559699754},
{"learn":[270.5539561],"iteration":531,"passed_time":1.213934712,"remaining_time":0.9538058448},
{"learn":[270.4179716],"iteration":532,"passed_time":1.216043224,"remaining_time":0.9513884138},
{"learn":[270.2844887],"iteration":533,"passed_time":1.218261523,"remaining_time":0.9490576661},
{"learn":[270.2268494],"iteration":534,"passed_time":1.220308039,"remaining_time":0.9465940867},
{"learn":[270.1875441],"iteration":535,"passed_time":1.222237853,"remaining_time":0.9440419236},
{"learn":[269.9915111],"iteration":536,"passed_time":1.224302909,"remaining_time":0.941596092},
{"learn":[269.8591549],"iteration":537,"passed_time":1.226429338,"remaining_time":0.939198675},
{"learn":[269.7962993],"iteration":538,"passed_time":1.22873509,"remaining_time":0.9369390019},
{"learn":[269.7241561],"iteration":539,"passed_time":1.231152712,"remaining_time":0.9347640958},
{"learn":[269.6600697],"iteration":540,"passed_time":1.233468171,"remaining_time":0.9325110574},
{"learn":[269.5791893],"iteration":541,"passed_time":1.235427942,"remaining_time":0.9299900376},
{"learn":[269.550958],"iteration":542,"passed_time":1.2374815,"remaining_time":0.927541382},
{"learn":[269.502097],"iteration":543,"passed_time":1.239566764,"remaining_time":0.9251178421},
{"learn":[269.4038619],"iteration":544,"passed_time":1.242153126,"remaining_time":0.9230679195},
{"learn":[269.3430536],"iteration":545,"passed_time":1.244712782,"remaining_time":0.920996271},
{"learn":[269.3055882],"iteration":546,"passed_time":1.246654221,"remaining_time":0.9184673692},
{"learn":[269.2354806],"iteration":547,"passed_time":1.248651574,"remaining_time":0.9159816287},
{"learn":[269.171214],"iteration":548,"passed_time":1.250902954,"remaining_time":0.9136832139},
{"learn":[269.104128],"iteration":549,"passed_time":1.253170958,"remaining_time":0.9113970604},
{"learn":[268.9850067],"iteration":550,"passed_time":1.255365966,"remaining_time":0.9090581135},
{"learn":[268.7548794],"iteration":551,"passed_time":1.257705675,"remaining_time":0.9068240191},
{"learn":[268.7157107],"iteration":552,"passed_time":1.26002526,"remaining_time":0.9045750965},
{"learn":[268.5813068],"iteration":553,"passed_time":1.262366469,"remaining_time":0.9023413748},
{"learn":[268.5235079],"iteration":554,"passed_time":1.264607975,"remaining_time":0.9000363062},
{"learn":[268.427115],"iteration":555,"passed_time":1.266728487,"remaining_time":0.8976457262},
{"learn":[268.3884229],"iteration":556,"passed_time":1.268681841,"remaining_time":0.8951381749},
{"learn":[268.2878149],"iteration":557,"passed_time":1.270879641,"remaining_time":0.8928043355},
{"learn":[268.2269436],"iteration":558,"passed_time":1.273158312,"remaining_time":0.8905275489},
{"learn":[268.1329474],"iteration":559,"passed_time":1.275680344,"remaining_time":0.8884202399},
{"learn":[267.9915309],"iteration":560,"passed_time":1.277811481,"remaining_time":0.8860404031},
{"learn":[267.9486259],"iteration":561,"passed_time":1.279873829,"remaining_time":0.8836139605},
{"learn":[267.9442715],"iteration":562,"passed_time":1.281867307,"remaining_time":0.8811414706},
{"learn":[267.8765197],"iteration":563,"passed_time":1.283912366,"remaining_time":0.8787059807},
{"learn":[267.8412535],"iteration":564,"passed_time":1.286764797,"remaining_time":0.8768220296},
{"learn":[267.7240895],"iteration":565,"passed_time":1.288602824,"remaining_time":0.8742464389},
{"learn":[267.6355322],"iteration":566,"passed_time":1.290770667,"remaining_time":0.8718962351},
{"learn":[267.5737675],"iteration":567,"passed_time":1.292893554,"remaining_time":0.8695164393},
{"learn":[267.5340111],"iteration":568,"passed_time":1.29496836,"remaining_time":0.867105352},
{"learn":[267.4993586],"iteration":569,"passed_time":1.297092914,"remaining_time":0.8647286095},
{"learn":[267.4779714],"iteration":570,"passed_time":1.299565033,"remaining_time":0.8625834455},
{"learn":[267.429715],"iteration":571,"passed_time":1.301693128,"remaining_time":0.8602097941},
{"learn":[267.3945592],"iteration":572,"passed_time":1.3039448,"remaining_time":0.8579183063},
{"learn":[267.3270669],"iteration":573,"passed_time":1.306487747,"remaining_time":0.8558177579},
{"learn":[267.243223],"iteration":574,"passed_time":1.30873367,"remaining_time":0.8535219587},
{"learn":[267.2146683],"iteration":575,"passed_time":1.311059463,"remaining_time":0.8512781931},
{"learn":[267.1315655],"iteration":576,"passed_time":1.313185309,"remaining_time":0.8489048879},
{"learn":[266.9857139],"iteration":577,"passed_time":1.315313821,"remaining_time":0.8465341546},
{"learn":[266.9100065],"iteration":578,"passed_time":1.317358462,"remaining_time":0.8441105171},
{"learn":[266.7903002],"iteration":579,"passed_time":1.319477849,"remaining_time":0.8417358694},
{"learn":[266.7266311],"iteration":580,"passed_time":1.32209321,"remaining_time":0.8396770991},
{"learn":[266.6601469],"iteration":581,"passed_time":1.324375673,"remaining_time":0.8374059236},
{"learn":[266.5408861],"iteration":582,"passed_time":1.326538433,"remaining_time":0.8350593564},
{"learn":[266.3761378],"iteration":583,"passed_time":1.328682194,"remaining_time":0.8327015117},
{"learn":[266.3275873],"iteration":584,"passed_time":1.33085162,"remaining_time":0.8303604126},
{"learn":[266.2538594],"iteration":585,"passed_time":1.332915718,"remaining_time":0.8279544735},
{"learn":[266.1631605],"iteration":586,"passed_time":1.335189347,"remaining_time":0.8256792728},
{"learn":[266.1128516],"iteration":587,"passed_time":1.337255779,"remaining_time":0.8232765173},
{"learn":[266.0235021],"iteration":588,"passed_time":1.339342543,"remaining_time":0.8208873653},
{"learn":[265.8409173],"iteration":589,"passed_time":1.341802413,"remaining_time":0.8187268958},
{"learn":[265.7759331],"iteration":590,"passed_time":1.343820597,"remaining_time":0.816297114},
{"learn":[265.6786617],"iteration":591,"passed_time":1.346057978,"remaining_time":0.8140012773},
{"learn":[265.595928],"iteration":592,"passed_time":1.348078996,"remaining_time":0.8115753819},
{"learn":[265.5573362],"iteration":593,"passed_time":1.350281378,"remaining_time":0.8092595467},
{"learn":[265.4765568],"iteration":594,"passed_time":1.35241414,"remaining_time":0.8069025541},
{"learn":[265.4357672],"iteration":595,"passed_time":1.354292665,"remaining_time":0.8043953078},
{"learn":[265.3550063],"iteration":596,"passed_time":1.356645498,"remaining_time":0.802170621},
{"learn":[265.3058284],"iteration":597,"passed_time":1.358784717,"remaining_time":0.7998197666},
{"learn":[265.2188044],"iteration":598,"passed_time":1.360778236,"remaining_time":0.7973842418},
{"learn":[265.1306043],"iteration":599,"passed_time":1.363021909,"remaining_time":0.7950961134},
{"learn":[265.0807583],"iteration":600,"passed_time":1.36494089,"remaining_time":0.7926195848},
{"learn":[264.9998228],"iteration":601,"passed_time":1.367142438,"remaining_time":0.7903082534},
{"learn":[264.9595662],"iteration":602,"passed_time":1.369261326,"remaining_time":0.7879497181},
{"learn":[264.8647587],"iteration":603,"passed_time":1.371395212,"remaining_time":0.7856005685},
{"learn":[264.7792159],"iteration":604,"passed_time":1.373824667,"remaining_time":0.7834206778},
{"learn":[264.7556388],"iteration":605,"passed_time":1.375914972,"remaining_time":0.7810474427},
{"learn":[264.7248308],"iteration":606,"passed_time":1.377792413,"remaining_time":0.778554856},
{"learn":[264.5871396],"iteration":607,"passed_time":1.379965422,"remaining_time":0.77623055},
{"learn":[264.5533922],"iteration":608,"passed_time":1.381991189,"remaining_time":0.7738242949},
{"learn":[264.2688316],"iteration":609,"passed_time":1.384209404,"remaining_time":0.7715265533},
{"learn":[264.1752914],"iteration":610,"passed_time":1.386397996,"remaining_time":0.769212636},
{"learn":[264.0312551],"iteration":611,"passed_time":1.388596712,"remaining_time":0.76690472},
{"learn":[263.993497],"iteration":612,"passed_time":1.390963336,"remaining_time":0.7646894686},
{"learn":[263.9655653],"iteration":613,"passed_time":1.393084348,"remaining_time":0.7623393176},
{"learn":[263.8863605],"iteration":614,"passed_time":1.395277607,"remaining_time":0.7600292653},
{"learn":[263.8690699],"iteration":615,"passed_time":1.397344622,"remaining_time":0.7576511422},
{"learn":[263.8037056],"iteration":616,"passed_time":1.399395637,"remaining_time":0.7552653926},
{"learn":[263.6937557],"iteration":617,"passed_time":1.401605895,"remaining_time":0.7529662736},
{"learn":[263.6893063],"iteration":618,"passed_time":1.403625245,"remaining_time":0.7505653574},
{"learn":[263.4985501],"iteration":619,"passed_time":1.40602616,"remaining_time":0.7483687624},
{"learn":[263.4360564],"iteration":620,"passed_time":1.408275374,"remaining_time":0.7460911402},
{"learn":[263.4020815],"iteration":621,"passed_time":1.410394136,"remaining_time":0.7437448178},
{"learn":[263.2787388],"iteration":622,"passed_time":1.412573311,"remaining_time":0.7414309355},
{"learn":[263.0791717],"iteration":623,"passed_time":1.414726614,"remaining_time":0.7391039681},
{"learn":[263.0079011],"iteration":624,"passed_time":1.417986815,"remaining_time":0.737353144},
{"learn":[262.8225889],"iteration":625,"passed_time":1.420138867,"remaining_time":0.7350239502},
{"learn":[262.6781296],"iteration":626,"passed_time":1.422352707,"remaining_time":0.7327271521},
{"learn":[262.6020031],"iteration":627,"passed_time":1.4243606,"remaining_time":0.7303250211},
{"learn":[262.5732304],"iteration":628,"passed_time":1.426689726,"remaining_time":0.7280880797},
{"learn":[262.472273],"iteration":629,"passed_time":1.428866318,"remaining_time":0.7257733681},
{"learn":[262.4071683],"iteration":630,"passed_time":1.430975039,"remaining_time":0.7234247821},
{"learn":[262.3181741],"iteration":631,"passed_time":1.433266834,"remaining_time":0.7211690717},
{"learn":[262.2966582],"iteration":632,"passed_time":1.435343099,"remaining_time":0.7188053118},
{"learn":[262.2431866],"iteration":633,"passed_time":1.437480944,"remaining_time":0.716473152},
{"learn":[262.1010195],"iteration":634,"passed_time":1.439869567,"remaining_time":0.7142660057},
{"learn":[262.0066991],"iteration":635,"passed_time":1.442212275,"remaining_time":0.7120356203},
{"learn":[261.9163944],"iteration":636,"passed_time":1.444315122,"remaining_time":0.709687022},
{"learn":[261.832713],"iteration":637,"passed_time":1.446459549,"remaining_time":0.7073595289},
{"learn":[261.794757],"iteration":638,"passed_time":1.448627309,"remaining_time":0.7050439642},
{"learn":[261.7477109],"iteration":639,"passed_time":1.45096431,"remaining_time":0.7028108376},
{"learn":[261.7122208],"iteration":640,"passed_time":1.453187858,"remaining_time":0.7005226962},
{"learn":[261.634991],"iteration":641,"passed_time":1.455387449,"remaining_time":0.6982232624},
{"learn":[261.5187191],"iteration":642,"passed_time":1.457606456,"remaining_time":0.6959334092},
{"learn":[261.491839],"iteration":643,"passed_time":1.45987792,"remaining_time":0.6936687009},
{"learn":[261.447429],"iteration":644,"passed_time":1.462066136,"remaining_time":0.691364607},
{"learn":[261.3884031],"iteration":645,"passed_time":1.464347099,"remaining_time":0.6891045171},
{"learn":[261.3088446],"iteration":646,"passed_time":1.466391031,"remaining_time":0.6867333577},
{"learn":[261.1893146],"iteration":647,"passed_time":1.468625328,"remaining_time":0.6844519276},
{"learn":[261.0675964],"iteration":648,"passed_time":1.470635513,"remaining_time":0.6820667018},
{"learn":[260.9189486],"iteration":649,"passed_time":1.472803064,"remaining_time":0.6797552603},
{"learn":[260.785757],"iteration":650,"passed_time":1.474949367,"remaining_time":0.6774345018},
{"learn":[260.7219206],"iteration":651,"passed_time":1.477367488,"remaining_time":0.6752385145},
{"learn":[260.6004055],"iteration":652,"passed_time":1.479377506,"remaining_time":0.6728562317},
{"learn":[260.4020018],"iteration":653,"passed_time":1.481430481,"remaining_time":0.6704945296},
{"learn":[260.3291],"iteration":654,"passed_time":1.483888892,"remaining_time":0.6683163712},
{"learn":[260.2851211],"iteration":655,"passed_time":1.485986072,"remaining_time":0.665975465},
{"learn":[260.2301147],"iteration":656,"passed_time":1.488291449,"remaining_time":0.6637281499},
{"learn":[260.1905868],"iteration":657,"passed_time":1.490287301,"remaining_time":0.6613433006},
{"learn":[260.0450107],"iteration":658,"passed_time":1.492404396,"remaining_time":0.6590131703},
{"learn":[260.0002405],"iteration":659,"passed_time":1.494465828,"remaining_time":0.6566592276},
{"learn":[259.9656268],"iteration":660,"passed_time":1.496594507,"remaining_time":0.6543355712},
{"learn":[259.8824243],"iteration":661,"passed_time":1.498596985,"remaining_time":0.6519576005},
{"learn":[259.8137101],"iteration":662,"passed_time":1.500618127,"remaining_time":0.6495888423},
{"learn":[259.742335],"iteration":663,"passed_time":1.50263402,"remaining_time":0.64721887},
{"learn":[259.6743212],"iteration":664,"passed_time":1.504773031,"remaining_time":0.6449027276},
{"learn":[259.6377749],"iteration":665,"passed_time":1.506933874,"remaining_time":0.6425964268},
{"learn":[259.5481276],"iteration":666,"passed_time":1.508852522,"remaining_time":0.6401878017},
{"learn":[259.375255],"iteration":667,"passed_time":1.510903205,"remaining_time":0.6378363829},
{"learn":[259.3573596],"iteration":668,"passed_time":1.513100463,"remaining_time":0.6355474291},
{"learn":[259.1248955],"iteration":669,"passed_time":1.515330052,"remaining_time":0.6332722607},
{"learn":[259.0225065],"iteration":670,"passed_time":1.517390527,"remaining_time":0.6309269105},
{"learn":[258.8225458],"iteration":671,"passed_time":1.519399086,"remaining_time":0.6285609313},
{"learn":[258.7528974],"iteration":672,"passed_time":1.521499599,"remaining_time":0.6262338617},
{"learn":[258.6555245],"iteration":673,"passed_time":1.523666317,"remaining_time":0.6239345748},
{"learn":[258.5931399],"iteration":674,"passed_time":1.525778746,"remaining_time":0.6216135633},
{"learn":[258.5046891],"iteration":675,"passed_time":1.528143871,"remaining_time":0.6193955925},
{"learn":[258.4883024],"iteration":676,"passed_time":1.530439123,"remaining_time":0.6171490114},
{"learn":[258.3964022],"iteration":677,"passed_time":1.532576135,"remaining_time":0.6148388033},
{"learn":[258.2984497],"iteration":678,"passed_time":1.534550988,"remaining_time":0.6124643854},
{"learn":[258.2686654],"iteration":679,"passed_time":1.536762162,"remaining_time":0.6101849761},
{"learn":[258.0990654],"iteration":680,"passed_time":1.538993168,"remaining_time":0.607913601},
{"learn":[258.0171853],"iteration":681,"passed_time":1.541186802,"remaining_time":0.6056276581},
{"learn":[257.9840887],"iteration":682,"passed_time":1.543261733,"remaining_time":0.6032955824},
{"learn":[257.9279521],"iteration":683,"passed_time":1.545316915,"remaining_time":0.600956578},
{"learn":[257.7081729],"iteration":684,"passed_time":1.547455884,"remaining_time":0.5986508165},
{"learn":[257.6669405],"iteration":685,"passed_time":1.549423404,"remaining_time":0.5962795609},
{"learn":[257.5971065],"iteration":686,"passed_time":1.551549541,"remaining_time":0.5939702029},
{"learn":[257.570261],"iteration":687,"passed_time":1.553732633,"remaining_time":0.5916830667},
{"learn":[257.5015098],"iteration":688,"passed_time":1.555890309,"remaining_time":0.5893866049},
{"learn":[257.4640699],"iteration":689,"passed_time":1.557990531,"remaining_time":0.5870688956},
{"learn":[257.3919775],"iteration":690,"passed_time":1.560426859,"remaining_time":0.5848777952},
{"learn":[257.3065319],"iteration":691,"passed_time":1.562534705,"remaining_time":0.5825635171},
{"learn":[257.1830515],"iteration":692,"passed_time":1.564617677,"remaining_time":0.5802406104},
{"learn":[257.1506413],"iteration":693,"passed_time":1.566752563,"remaining_time":0.577937545},
{"learn":[257.0502189],"iteration":694,"passed_time":1.568848244,"remaining_time":0.5756205787},
{"learn":[256.9761697],"iteration":695,"passed_time":1.570925966,"remaining_time":0.5732976946},
{"learn":[256.9246085],"iteration":696,"passed_time":1.573313005,"remaining_time":0.5710877911},
{"learn":[256.8976787],"iteration":697,"passed_time":1.575559345,"remaining_time":0.568826583},
{"learn":[256.7420743],"iteration":698,"passed_time":1.57799984,"remaining_time":0.5666351357},
{"learn":[256.5858519],"iteration":699,"passed_time":1.580251845,"remaining_time":0.564375659},
{"learn":[256.5008025],"iteration":700,"passed_time":1.582285071,"remaining_time":0.5620384917},
{"learn":[256.4246754],"iteration":701,"passed_time":1.584479996,"remaining_time":0.5597593149},
{"learn":[256.3337903],"iteration":702,"passed_time":1.586678046,"remaining_time":0.5574814757},
{"learn":[256.1948985],"iteration":703,"passed_time":1.588649275,"remaining_time":0.5551246048},
{"learn":[256.1058866],"iteration":704,"passed_time":1.590805703,"remaining_time":0.5528331875},
{"learn":[256.0835465],"iteration":705,"passed_time":1.59309104,"remaining_time":0.5505867051},
{"learn":[256.015402],"iteration":706,"passed_time":1.59558574,"remaining_time":0.548412072},
{"learn":[255.953845],"iteration":707,"passed_time":1.597766207,"remaining_time":0.5461291274},
{"learn":[255.9382104],"iteration":708,"passed_time":1.599904136,"remaining_time":0.5438320123},
{"learn":[255.8418077],"iteration":709,"passed_time":1.60211531,"remaining_time":0.5415601048},
{"learn":[255.7932885],"iteration":710,"passed_time":1.604227406,"remaining_time":0.5392550632},
{"learn":[255.7249642],"iteration":711,"passed_time":1.606711232,"remaining_time":0.5370748218},
{"learn":[255.6113325],"iteration":712,"passed_time":1.609058773,"remaining_time":0.5348484279},
{"learn":[255.5574759],"iteration":713,"passed_time":1.611251281,"remaining_time":0.5325704514},
{"learn":[255.4770817],"iteration":714,"passed_time":1.613697443,"remaining_time":0.5303760826},
{"learn":[255.41376],"iteration":715,"passed_time":1.615968572,"remaining_time":0.528123807},
{"learn":[255.3412155],"iteration":716,"passed_time":1.618109916,"remaining_time":0.5258293033},
{"learn":[255.2261598],"iteration":717,"passed_time":1.620260635,"remaining_time":0.5235382552},
{"learn":[255.1615377],"iteration":718,"passed_time":1.622523139,"remaining_time":0.5212835121},
{"learn":[255.0390447],"iteration":719,"passed_time":1.624919637,"remaining_time":0.5190715506},
{"learn":[254.9853344],"iteration":720,"passed_time":1.627086896,"remaining_time":0.5167862681},
{"learn":[254.9241511],"iteration":721,"passed_time":1.629339194,"remaining_time":0.5145281664},
{"learn":[254.7929612],"iteration":722,"passed_time":1.631461539,"remaining_time":0.5122292798},
{"learn":[254.7282653],"iteration":723,"passed_time":1.633508097,"remaining_time":0.5099072236},
{"learn":[254.6819834],"iteration":724,"passed_time":1.635841723,"remaining_time":0.5076750174},
{"learn":[254.6538221],"iteration":725,"passed_time":1.637889906,"remaining_time":0.5053544613},
{"learn":[254.6289779],"iteration":726,"passed_time":1.639888049,"remaining_time":0.5030193054},
{"learn":[254.585171],"iteration":727,"passed_time":1.642018686,"remaining_time":0.5007254784},
{"learn":[254.5655784],"iteration":728,"passed_time":1.644288107,"remaining_time":0.4984741724},
{"learn":[254.5043172],"iteration":729,"passed_time":1.646549987,"remaining_time":0.496220544},
{"learn":[254.4878347],"iteration":730,"passed_time":1.648640835,"remaining_time":0.4939156536},
{"learn":[254.4188317],"iteration":731,"passed_time":1.651064706,"remaining_time":0.4917105271},
{"learn":[254.3010089],"iteration":732,"passed_time":1.653090723,"remaining_time":0.4893870217},
{"learn":[254.1489108],"iteration":733,"passed_time":1.655325395,"remaining_time":0.4871257293},
{"learn":[254.1052414],"iteration":734,"passed_time":1.657653604,"remaining_time":0.4848918706},
{"learn":[253.9802085],"iteration":735,"passed_time":1.659838655,"remaining_time":0.4826161307},
{"learn":[253.8869679],"iteration":736,"passed_time":1.661763095,"remaining_time":0.4802653177},
{"learn":[253.8411089],"iteration":737,"passed_time":1.663933896,"remaining_time":0.4779864309},
{"learn":[253.7901142],"iteration":738,"passed_time":1.666132529,"remaining_time":0.475715783},
{"learn":[253.723695],"iteration":739,"passed_time":1.668319163,"remaining_time":0.4734419246},
{"learn":[253.6831559],"iteration":740,"passed_time":1.670255185,"remaining_time":0.4710976162},
{"learn":[253.5810272],"iteration":741,"passed_time":1.672561687,"remaining_time":0.4688582627},
{"learn":[253.5397866],"iteration":742,"passed_time":1.67459612,"remaining_time":0.4665429297},
{"learn":[253.3876093],"iteration":743,"passed_time":1.67674638,"remaining_time":0.4642604225},
{"learn":[253.2849435],"iteration":744,"passed_time":1.679051758,"remaining_time":0.4620209535},
{"learn":[253.2492637],"iteration":745,"passed_time":1.681220892,"remaining_time":0.459744051},
{"learn":[253.1607071],"iteration":746,"passed_time":1.683463981,"remaining_time":0.4574875343},
{"learn":[253.0723913],"iteration":747,"passed_time":1.685859271,"remaining_time":0.455272156},
{"learn":[253.040662],"iteration":748,"passed_time":1.688213645,"remaining_time":0.4530453174},
{"learn":[253.0050516],"iteration":749,"passed_time":1.690335699,"remaining_time":0.4507561865},
{"learn":[252.9845645],"iteration":750,"passed_time":1.692702033,"remaining_time":0.4485322297},
{"learn":[252.9051078],"iteration":751,"passed_time":1.69478538,"remaining_time":0.4462333845},
{"learn":[252.8103846],"iteration":752,"passed_time":1.696956014,"remaining_time":0.4439579479},
{"learn":[252.7351034],"iteration":753,"passed_time":1.699427841,"remaining_time":0.4417610833},
{"learn":[252.5984427],"iteration":754,"passed_time":1.701440817,"remaining_time":0.4394449791},
{"learn":[252.5382016],"iteration":755,"passed_time":1.703687781,"remaining_time":0.4371897216},
{"learn":[252.4563608],"iteration":756,"passed_time":1.705490519,"remaining_time":0.4348212288},
{"learn":[252.3076548],"iteration":757,"passed_time":1.707705193,"remaining_time":0.4325585714},
{"learn":[252.2021032],"iteration":758,"passed_time":1.709816997,"remaining_time":0.4302701534},
{"learn":[252.102686],"iteration":759,"passed_time":1.712059461,"remaining_time":0.4280148652},
{"learn":[252.0388109],"iteration":760,"passed_time":1.714229928,"remaining_time":0.4257417299},
{"learn":[251.9811121],"iteration":761,"passed_time":1.716378522,"remaining_time":0.4234634673},
{"learn":[251.8643398],"iteration":762,"passed_time":1.718376166,"remaining_time":0.4211485491},
{"learn":[251.796261],"iteration":763,"passed_time":1.720377934,"remaining_time":0.4188354656},
{"learn":[251.5939138],"iteration":764,"passed_time":1.722593191,"remaining_time":0.416574824},
{"learn":[251.5073554],"iteration":765,"passed_time":1.724892819,"remaining_time":0.4143345675},
{"learn":[251.3564618],"iteration":766,"passed_time":1.727026205,"remaining_time":0.4120544923},
{"learn":[251.3380303],"iteration":767,"passed_time":1.729290293,"remaining_time":0.4098057725},
{"learn":[251.3096815],"iteration":768,"passed_time":1.731430638,"remaining_time":0.4075278875},
{"learn":[251.1883648],"iteration":769,"passed_time":1.733591606,"remaining_time":0.4052551806},
{"learn":[251.0879758],"iteration":770,"passed_time":1.735638997,"remaining_time":0.4029563949},
{"learn":[251.0655779],"iteration":771,"passed_time":1.737810632,"remaining_time":0.4006869073},
{"learn":[250.9606769],"iteration":772,"passed_time":1.739913562,"remaining_time":0.398401941},
{"learn":[250.8905706],"iteration":773,"passed_time":1.742089238,"remaining_time":0.3961339869},
{"learn":[250.8485465],"iteration":774,"passed_time":1.744288871,"remaining_time":0.3938716805},
{"learn":[250.676495],"iteration":775,"passed_time":1.747123345,"remaining_time":0.3917518841},
{"learn":[250.6166978],"iteration":776,"passed_time":1.749278313,"remaining_time":0.3894789553},
{"learn":[250.5067202],"iteration":777,"passed_time":1.751427699,"remaining_time":0.3872050954},
{"learn":[250.3927505],"iteration":778,"passed_time":1.753742617,"remaining_time":0.3849678915},
{"learn":[250.3220403],"iteration":779,"passed_time":1.755709096,"remaining_time":0.3826545466},
{"learn":[250.2919416],"iteration":780,"passed_time":1.757985392,"remaining_time":0.380409131},
{"learn":[250.2562283],"iteration":781,"passed_time":1.760213524,"remaining_time":0.378153289},
{"learn":[250.1714097],"iteration":782,"passed_time":1.762341993,"remaining_time":0.3758762617},
{"learn":[250.1203066],"iteration":783,"passed_time":1.764575,"remaining_time":0.3736217474},
{"learn":[250.0328519],"iteration":784,"passed_time":1.766788965,"remaining_time":0.3713632856},
{"learn":[249.9042146],"iteration":785,"passed_time":1.768977723,"remaining_time":0.3690996777},
{"learn":[249.864247],"iteration":786,"passed_time":1.770953952,"remaining_time":0.3667922417},
{"learn":[249.8478645],"iteration":787,"passed_time":1.77285881,"remaining_time":0.3644709736},
{"learn":[249.7170591],"iteration":788,"passed_time":1.775139647,"remaining_time":0.3622274817},
{"learn":[249.688958],"iteration":789,"passed_time":1.777300907,"remaining_time":0.3599596773},
{"learn":[249.6488574],"iteration":790,"passed_time":1.779437252,"remaining_time":0.3576871341},
{"learn":[249.6111864],"iteration":791,"passed_time":1.781637135,"remaining_time":0.3554276102},
{"learn":[249.5161299],"iteration":792,"passed_time":1.783824685,"remaining_time":0.3531657952},
{"learn":[249.4747383],"iteration":793,"passed_time":1.786058109,"remaining_time":0.35091318},
{"learn":[249.3517658],"iteration":794,"passed_time":1.788070627,"remaining_time":0.3486175435},
{"learn":[249.2531488],"iteration":795,"passed_time":1.790581785,"remaining_time":0.3464190891},
{"learn":[249.1950305],"iteration":796,"passed_time":1.792906494,"remaining_time":0.3441840572},
{"learn":[249.128782],"iteration":797,"passed_time":1.794924554,"remaining_time":0.3418903912},
{"learn":[249.085119],"iteration":798,"passed_time":1.797205767,"remaining_time":0.3396471474},
{"learn":[248.9508655],"iteration":799,"passed_time":1.799601473,"remaining_time":0.3374252762},
{"learn":[248.9068241],"iteration":800,"passed_time":1.801575993,"remaining_time":0.3351246229},
{"learn":[248.8419032],"iteration":801,"passed_time":1.803706463,"remaining_time":0.3328535617},
{"learn":[248.7366915],"iteration":802,"passed_time":1.80586389,"remaining_time":0.3305877856},
{"learn":[248.6318583],"iteration":803,"passed_time":1.808094354,"remaining_time":0.3283355419},
{"learn":[248.5670391],"iteration":804,"passed_time":1.81026703,"remaining_time":0.3260729432},
{"learn":[248.5366076],"iteration":805,"passed_time":1.812938804,"remaining_time":0.3238997366},
{"learn":[248.4427173],"iteration":806,"passed_time":1.815399839,"remaining_time":0.3216879516},
{"learn":[248.4141309],"iteration":807,"passed_time":1.817616221,"remaining_time":0.3194325536},
{"learn":[248.3264898],"iteration":808,"passed_time":1.819774272,"remaining_time":0.3171670857},
{"learn":[248.2438837],"iteration":809,"passed_time":1.821709753,"remaining_time":0.3148634141},
{"learn":[248.1518787],"iteration":810,"passed_time":1.823850556,"remaining_time":0.3125958413},
{"learn":[248.0533003],"iteration":811,"passed_time":1.826096104,"remaining_time":0.3103463821},
{"learn":[247.9695903],"iteration":812,"passed_time":1.828152619,"remaining_time":0.3080650785},
{"learn":[247.8906626],"iteration":813,"passed_time":1.830613738,"remaining_time":0.3058519268},
{"learn":[247.8466405],"iteration":814,"passed_time":1.83289145,"remaining_time":0.3036077862},
{"learn":[247.8094617],"iteration":815,"passed_time":1.835015379,"remaining_time":0.3013383098},
{"learn":[247.7342951],"iteration":816,"passed_time":1.837243885,"remaining_time":0.2990862139},
{"learn":[247.6816572],"iteration":817,"passed_time":1.839504848,"remaining_time":0.2968394131},
{"learn":[247.6087145],"iteration":818,"passed_time":1.841593446,"remaining_time":0.2945650078},
{"learn":[247.5574493],"iteration":819,"passed_time":1.843768455,"remaining_time":0.2923047551},
{"learn":[247.5265923],"iteration":820,"passed_time":1.846172535,"remaining_time":0.2900807029},
{"learn":[247.4406815],"iteration":821,"passed_time":1.848333795,"remaining_time":0.2878184012},
{"learn":[247.3953577],"iteration":822,"passed_time":1.850637756,"remaining_time":0.2855783657},
{"learn":[247.3332719],"iteration":823,"passed_time":1.852698562,"remaining_time":0.2833009937},
{"learn":[247.263286],"iteration":824,"passed_time":1.854655833,"remaining_time":0.2810084595},
{"learn":[247.2218154],"iteration":825,"passed_time":1.856834883,"remaining_time":0.2787500309},
{"learn":[247.1821754],"iteration":826,"passed_time":1.858934146,"remaining_time":0.2764799275},
{"learn":[247.1252837],"iteration":827,"passed_time":1.861170693,"remaining_time":0.2742304645},
{"learn":[247.0692508],"iteration":828,"passed_time":1.863902382,"remaining_time":0.2720533031},
{"learn":[246.976851],"iteration":829,"passed_time":1.866178761,"remaining_time":0.2698089775},
{"learn":[246.9371369],"iteration":830,"passed_time":1.868368519,"remaining_time":0.2675521707},
{"learn":[246.9119731],"iteration":831,"passed_time":1.870570568,"remaining_time":0.2652972681},
{"learn":[246.877559],"iteration":832,"passed_time":1.872657082,"remaining_time":0.2630262649},
{"learn":[246.7486785],"iteration":833,"passed_time":1.874736389,"remaining_time":0.2607547015},
{"learn":[246.7260412],"iteration":834,"passed_time":1.876935189,"remaining_time":0.2585000559},
{"learn":[246.6712151],"iteration":835,"passed_time":1.879139238,"remaining_time":0.2562462598},
{"learn":[246.5894907],"iteration":836,"passed_time":1.881016389,"remaining_time":0.2539484491},
{"learn":[246.5424526],"iteration":837,"passed_time":1.883342473,"remaining_time":0.2517116431},
{"learn":[246.4502373],"iteration":838,"passed_time":1.885502983,"remaining_time":0.2494527188},
{"learn":[246.4211259],"iteration":839,"passed_time":1.887678659,"remaining_time":0.2471960149},
{"learn":[246.3203825],"iteration":840,"passed_time":1.89015686,"remaining_time":0.2449787132},
{"learn":[246.2833589],"iteration":841,"passed_time":1.892209335,"remaining_time":0.2427061855},
{"learn":[246.1927143],"iteration":842,"passed_time":1.894372554,"remaining_time":0.2404482364},
{"learn":[246.1177558],"iteration":843,"passed_time":1.896340616,"remaining_time":0.2381660016},
{"learn":[246.074919],"iteration":844,"passed_time":1.898688158,"remaining_time":0.2359316646},
{"learn":[246.0107405],"iteration":845,"passed_time":1.900854752,"remaining_time":0.2336748159},
{"learn":[245.9796585],"iteration":846,"passed_time":1.902908852,"remaining_time":0.2314045003},
{"learn":[245.9061972],"iteration":847,"passed_time":1.905274809,"remaining_time":0.2291722058},
{"learn":[245.8229708],"iteration":848,"passed_time":1.907546855,"remaining_time":0.2269284245},
{"learn":[245.7590938],"iteration":849,"passed_time":1.909548832,"remaining_time":0.2246528037},
{"learn":[245.7315419],"iteration":850,"passed_time":1.911561766,"remaining_time":0.2223791009},
{"learn":[245.6991462],"iteration":851,"passed_time":1.913520495,"remaining_time":0.2200997753},
{"learn":[245.6124825],"iteration":852,"passed_time":1.915614718,"remaining_time":0.2178366092},
{"learn":[245.5691568],"iteration":853,"passed_time":1.918093003,"remaining_time":0.215617012},
{"learn":[245.5105119],"iteration":854,"passed_time":1.920453543,"remaining_time":0.213383727},
{"learn":[245.4377431],"iteration":855,"passed_time":1.922419147,"remaining_time":0.2111067755},
{"learn":[245.379392],"iteration":856,"passed_time":1.924653861,"remaining_time":0.2088597539},
{"learn":[245.2691099],"iteration":857,"passed_time":1.927009653,"remaining_time":0.2066257436},
{"learn":[245.227535],"iteration":858,"passed_time":1.929202245,"remaining_time":0.204374161},
{"learn":[245.180467],"iteration":859,"passed_time":1.931148849,"remaining_time":0.2020969726},
{"learn":[245.0862793],"iteration":860,"passed_time":1.933246238,"remaining_time":0.1998361384},
{"learn":[244.9963716],"iteration":861,"passed_time":1.935358166,"remaining_time":0.1975771678},
{"learn":[244.9256917],"iteration":862,"passed_time":1.937769371,"remaining_time":0.1953487083},
{"learn":[244.8972365],"iteration":863,"passed_time":1.940007794,"remaining_time":0.1931026276},
{"learn":[244.8536017],"iteration":864,"passed_time":1.942347461,"remaining_time":0.1908665135},
{"learn":[244.7926646],"iteration":865,"passed_time":1.944453639,"remaining_time":0.1886075124},
{"learn":[244.6967053],"iteration":866,"passed_time":1.946665856,"remaining_time":0.186359015},
{"learn":[244.6182536],"iteration":867,"passed_time":1.949342796,"remaining_time":0.1841545038},
{"learn":[244.5763956],"iteration":868,"passed_time":1.951914785,"remaining_time":0.1819391226},
{"learn":[244.4629251],"iteration":869,"passed_time":1.954647014,"remaining_time":0.1797376565},
{"learn":[244.4106296],"iteration":870,"passed_time":1.956918477,"remaining_time":0.1774931799},
{"learn":[244.3503163],"iteration":871,"passed_time":1.959193106,"remaining_time":0.1752489246},
{"learn":[244.2892758],"iteration":872,"passed_time":1.961949168,"remaining_time":0.1730470629},
{"learn":[244.2157076],"iteration":873,"passed_time":1.964185715,"remaining_time":0.1707987578},
{"learn":[244.1582687],"iteration":874,"passed_time":1.966424138,"remaining_time":0.1685506404},
{"learn":[244.1186573],"iteration":875,"passed_time":1.968496402,"remaining_time":0.1662885089},
{"learn":[244.0956826],"iteration":876,"passed_time":1.970749532,"remaining_time":0.1640418653},
{"learn":[244.0587274],"iteration":877,"passed_time":1.972906835,"remaining_time":0.1617873486},
{"learn":[244.0342534],"iteration":878,"passed_time":1.975005431,"remaining_time":0.1595283113},
{"learn":[243.9336939],"iteration":879,"passed_time":1.977313183,"remaining_time":0.1572862759},
{"learn":[243.9035243],"iteration":880,"passed_time":1.979470818,"remaining_time":0.1550323342},
{"learn":[243.8813831],"iteration":881,"passed_time":1.981791904,"remaining_time":0.1527912126},
{"learn":[243.8002235],"iteration":882,"passed_time":1.984102489,"remaining_time":0.150549113},
{"learn":[243.7449854],"iteration":883,"passed_time":1.986953879,"remaining_time":0.1483472353},
{"learn":[243.7099169],"iteration":884,"passed_time":1.989768188,"remaining_time":0.1461411663},
{"learn":[243.6677583],"iteration":885,"passed_time":1.992095814,"remaining_time":0.1438985689},
{"learn":[243.6276387],"iteration":886,"passed_time":1.994988577,"remaining_time":0.1416959192},
{"learn":[243.5417273],"iteration":887,"passed_time":1.99818474,"remaining_time":0.1395128985},
{"learn":[243.441569],"iteration":888,"passed_time":2.000456661,"remaining_time":0.1372641803},
{"learn":[243.4251044],"iteration":889,"passed_time":2.002736249,"remaining_time":0.1350159269},
{"learn":[243.3941886],"iteration":890,"passed_time":2.004991962,"remaining_time":0.1327660222},
{"learn":[243.3349555],"iteration":891,"passed_time":2.007429582,"remaining_time":0.1305279325},
{"learn":[243.2331343],"iteration":892,"passed_time":2.010715949,"remaining_time":0.1283435712},
{"learn":[243.1945917],"iteration":893,"passed_time":2.013016827,"remaining_time":0.1260950138},
{"learn":[243.1802236],"iteration":894,"passed_time":2.01495814,"remaining_time":0.1238242433},
{"learn":[243.1425943],"iteration":895,"passed_time":2.016980325,"remaining_time":0.1215590821},
{"learn":[243.1161699],"iteration":896,"passed_time":2.019431277,"remaining_time":0.1193197968},
{"learn":[243.0462243],"iteration":897,"passed_time":2.021676367,"remaining_time":0.1170681192},
{"learn":[242.9302478],"iteration":898,"passed_time":2.023887499,"remaining_time":0.11481453},
{"learn":[242.8862952],"iteration":899,"passed_time":2.026798261,"remaining_time":0.1125999034},
{"learn":[242.8533646],"iteration":900,"passed_time":2.028952647,"remaining_time":0.1103425968},
{"learn":[242.8283816],"iteration":901,"passed_time":2.031189737,"remaining_time":0.1080899195},
{"learn":[242.8109706],"iteration":902,"passed_time":2.033711812,"remaining_time":0.1058521098},
{"learn":[242.7837086],"iteration":903,"passed_time":2.035870239,"remaining_time":0.103595167},
{"learn":[242.7199939],"iteration":904,"passed_time":2.037925171,"remaining_time":0.1013332958},
{"learn":[242.6813828],"iteration":905,"passed_time":2.040058433,"remaining_time":0.09907568549},
{"learn":[242.5891097],"iteration":906,"passed_time":2.042792871,"remaining_time":0.09684685053},
{"learn":[242.5613832],"iteration":907,"passed_time":2.044849011,"remaining_time":0.09458552695},
{"learn":[242.4975965],"iteration":908,"passed_time":2.046992689,"remaining_time":0.09232860314},
{"learn":[242.4066241],"iteration":909,"passed_time":2.049156991,"remaining_time":0.09007283477},
{"learn":[242.2903904],"iteration":910,"passed_time":2.051169593,"remaining_time":0.08781077291},
{"learn":[242.2262043],"iteration":911,"passed_time":2.053423723,"remaining_time":0.08555932179},
{"learn":[242.1814441],"iteration":912,"passed_time":2.055659021,"remaining_time":0.08330710162},
{"learn":[242.0802869],"iteration":913,"passed_time":2.058043227,"remaining_time":0.08106078356},
{"learn":[242.0151655],"iteration":914,"passed_time":2.060255776,"remaining_time":0.078807598},
{"learn":[241.9919491],"iteration":915,"passed_time":2.062181174,"remaining_time":0.0765438427},
{"learn":[241.9492904],"iteration":916,"passed_time":2.064180152,"remaining_time":0.07428347329},
{"learn":[241.8906081],"iteration":917,"passed_time":2.066256541,"remaining_time":0.0720263718},
{"learn":[241.8471192],"iteration":918,"passed_time":2.06865508,"remaining_time":0.06978053043},
{"learn":[241.7966372],"iteration":919,"passed_time":2.071020204,"remaining_time":0.06753326751},
{"learn":[241.7451511],"iteration":920,"passed_time":2.073046596,"remaining_time":0.06527508282},
{"learn":[241.6931131],"iteration":921,"passed_time":2.07512536,"remaining_time":0.06301899142},
{"learn":[241.6729076],"iteration":922,"passed_time":2.077209541,"remaining_time":0.06076344271},
{"learn":[241.6323422],"iteration":923,"passed_time":2.079369302,"remaining_time":0.0585103916},
{"learn":[241.6006569],"iteration":924,"passed_time":2.081502813,"remaining_time":0.05625683278},
{"learn":[241.5535226],"iteration":925,"passed_time":2.083881977,"remaining_time":0.05400990006},
{"learn":[241.4909917],"iteration":926,"passed_time":2.086176564,"remaining_time":0.05176058358},
{"learn":[241.4288404],"iteration":927,"passed_time":2.088119836,"remaining_time":0.04950284094},
{"learn":[241.3439306],"iteration":928,"passed_time":2.090115939,"remaining_time":0.04724696955},
{"learn":[241.2922047],"iteration":929,"passed_time":2.092109125,"remaining_time":0.04499159408},
{"learn":[241.2455714],"iteration":930,"passed_time":2.09430105,"remaining_time":0.04274083776},
{"learn":[241.1675199],"iteration":931,"passed_time":2.096331942,"remaining_time":0.04048709759},
{"learn":[241.1341432],"iteration":932,"passed_time":2.098257506,"remaining_time":0.03823191596},
{"learn":[241.0540526],"iteration":933,"passed_time":2.100358352,"remaining_time":0.03598044286},
{"learn":[241.0287125],"iteration":934,"passed_time":2.10232833,"remaining_time":0.03372719246},
{"learn":[240.9489015],"iteration":935,"passed_time":2.104364888,"remaining_time":0.03147554319},
{"learn":[240.9259864],"iteration":936,"passed_time":2.106776592,"remaining_time":0.02922955784},
{"learn":[240.8825831],"iteration":937,"passed_time":2.108998765,"remaining_time":0.02698079444},
{"learn":[240.8497881],"iteration":938,"passed_time":2.111244021,"remaining_time":0.02473235807},
{"learn":[240.7490891],"iteration":939,"passed_time":2.114170823,"remaining_time":0.02249117897},
{"learn":[240.7151048],"iteration":940,"passed_time":2.116413913,"remaining_time":0.02024200341},
{"learn":[240.688584],"iteration":941,"passed_time":2.118722832,"remaining_time":0.01799339985},
{"learn":[240.5332357],"iteration":942,"passed_time":2.121400273,"remaining_time":0.01574740394},
{"learn":[240.4622192],"iteration":943,"passed_time":2.124143543,"remaining_time":0.01350091235},
{"learn":[240.448417],"iteration":944,"passed_time":2.126471129,"remaining_time":0.01125116999},
{"learn":[240.3856067],"iteration":945,"passed_time":2.128635555,"remaining_time":0.009000573173},
{"learn":[240.3356727],"iteration":946,"passed_time":2.130756901,"remaining_time":0.00675002186},
{"learn":[240.2882251],"iteration":947,"passed_time":2.132906286,"remaining_time":0.004499802291},
{"learn":[240.2654021],"iteration":948,"passed_time":2.134971718,"remaining_time":0.002249706763},
{"learn":[240.2124057],"iteration":949,"passed_time":2.137541582,"remaining_time":0}
]}